"Benchmark","Mode","Threads","Samples","Score","Score Error (99.9%)","Unit","Param: path"
"iguana.benchmark.IguanaBenchmark.benchmarkParse","ss",1,10,2.039971,0.924090,"ms/op",/Users/afroozeh/workspace/junit4/build/maven/sample_project_template/src/test/java/JunitDependencyTest.java
"iguana.benchmark.IguanaBenchmark.benchmarkParse","ss",1,10,3.160458,0.687582,"ms/op",/Users/afroozeh/workspace/junit4/src/test/java/junit/tests/AllTests.java
"iguana.benchmark.IguanaBenchmark.benchmarkParse","ss",1,10,14.288603,11.633335,"ms/op",/Users/afroozeh/workspace/junit4/src/test/java/junit/tests/framework/AllTests.java
"iguana.benchmark.IguanaBenchmark.benchmarkParse","ss",1,10,1.750757,0.726770,"ms/op",/Users/afroozeh/workspace/junit4/src/test/java/junit/tests/framework/OverrideTestCase.java
"iguana.benchmark.IguanaBenchmark.benchmarkParse","ss",1,10,2.957921,0.938594,"ms/op",/Users/afroozeh/workspace/junit4/src/test/java/junit/tests/framework/AssertionFailedErrorTest.java
"iguana.benchmark.IguanaBenchmark.benchmarkParse","ss",1,10,1.807978,0.589865,"ms/op",/Users/afroozeh/workspace/junit4/src/test/java/junit/tests/framework/Failure.java
"iguana.benchmark.IguanaBenchmark.benchmarkParse","ss",1,10,9.313717,1.304373,"ms/op",/Users/afroozeh/workspace/junit4/src/test/java/junit/tests/framework/AssertTest.java
"iguana.benchmark.IguanaBenchmark.benchmarkParse","ss",1,10,1.595866,0.676005,"ms/op",/Users/afroozeh/workspace/junit4/src/test/java/junit/tests/framework/NoTestCases.java
"iguana.benchmark.IguanaBenchmark.benchmarkParse","ss",1,10,3.996864,0.597607,"ms/op",/Users/afroozeh/workspace/junit4/src/test/java/junit/tests/framework/ComparisonFailureTest.java
"iguana.benchmark.IguanaBenchmark.benchmarkParse","ss",1,10,1.564126,0.726107,"ms/op",/Users/afroozeh/workspace/junit4/src/test/java/junit/tests/framework/ThreeTestCases.java
"iguana.benchmark.IguanaBenchmark.benchmarkParse","ss",1,10,1.595267,0.724350,"ms/op",/Users/afroozeh/workspace/junit4/src/test/java/junit/tests/framework/NotPublicTestCase.java
"iguana.benchmark.IguanaBenchmark.benchmarkParse","ss",1,10,13.182036,1.804053,"ms/op",/Users/afroozeh/workspace/junit4/src/test/java/junit/tests/framework/TestCaseTest.java
"iguana.benchmark.IguanaBenchmark.benchmarkParse","ss",1,10,1.523395,0.323706,"ms/op",/Users/afroozeh/workspace/junit4/src/test/java/junit/tests/framework/InheritedTestCase.java
"iguana.benchmark.IguanaBenchmark.benchmarkParse","ss",1,10,1.651794,0.809499,"ms/op",/Users/afroozeh/workspace/junit4/src/test/java/junit/tests/framework/OneTestCase.java
"iguana.benchmark.IguanaBenchmark.benchmarkParse","ss",1,10,6.628370,1.954104,"ms/op",/Users/afroozeh/workspace/junit4/src/test/java/junit/tests/framework/TestListenerTest.java
"iguana.benchmark.IguanaBenchmark.benchmarkParse","ss",1,10,11.783043,0.888099,"ms/op",/Users/afroozeh/workspace/junit4/src/test/java/junit/tests/framework/SuiteTest.java
"iguana.benchmark.IguanaBenchmark.benchmarkParse","ss",1,10,5.393389,0.895744,"ms/op",/Users/afroozeh/workspace/junit4/src/test/java/junit/tests/framework/FloatAssertTest.java
"iguana.benchmark.IguanaBenchmark.benchmarkParse","ss",1,10,1.829525,0.721421,"ms/op",/Users/afroozeh/workspace/junit4/src/test/java/junit/tests/framework/NotVoidTestCase.java
"iguana.benchmark.IguanaBenchmark.benchmarkParse","ss",1,10,5.081979,0.723394,"ms/op",/Users/afroozeh/workspace/junit4/src/test/java/junit/tests/framework/TestImplementorTest.java
"iguana.benchmark.IguanaBenchmark.benchmarkParse","ss",1,10,1.471141,0.463637,"ms/op",/Users/afroozeh/workspace/junit4/src/test/java/junit/tests/framework/NoArgTestCaseTest.java
"iguana.benchmark.IguanaBenchmark.benchmarkParse","ss",1,10,9.769721,1.673898,"ms/op",/Users/afroozeh/workspace/junit4/src/test/java/junit/tests/framework/ComparisonCompactorTest.java
"iguana.benchmark.IguanaBenchmark.benchmarkParse","ss",1,10,1.749165,0.787144,"ms/op",/Users/afroozeh/workspace/junit4/src/test/java/junit/tests/framework/Success.java
"iguana.benchmark.IguanaBenchmark.benchmarkParse","ss",1,10,1.391164,0.654457,"ms/op",/Users/afroozeh/workspace/junit4/src/test/java/junit/tests/framework/NoTestCaseClass.java
"iguana.benchmark.IguanaBenchmark.benchmarkParse","ss",1,10,0.961194,0.113277,"ms/op",/Users/afroozeh/workspace/junit4/src/test/java/junit/tests/framework/package-info.java
"iguana.benchmark.IguanaBenchmark.benchmarkParse","ss",1,10,4.648712,0.706445,"ms/op",/Users/afroozeh/workspace/junit4/src/test/java/junit/tests/framework/DoublePrecisionAssertTest.java
"iguana.benchmark.IguanaBenchmark.benchmarkParse","ss",1,10,4.206536,1.091183,"ms/op",/Users/afroozeh/workspace/junit4/src/test/java/junit/tests/runner/AllTests.java
"iguana.benchmark.IguanaBenchmark.benchmarkParse","ss",1,10,4.245106,1.179014,"ms/op",/Users/afroozeh/workspace/junit4/src/test/java/junit/tests/runner/BaseTestRunnerTest.java
"iguana.benchmark.IguanaBenchmark.benchmarkParse","ss",1,10,11.688706,3.485759,"ms/op",/Users/afroozeh/workspace/junit4/src/test/java/junit/tests/runner/TextFeedbackTest.java
"iguana.benchmark.IguanaBenchmark.benchmarkParse","ss",1,10,6.216072,1.439284,"ms/op",/Users/afroozeh/workspace/junit4/src/test/java/junit/tests/runner/StackFilterTest.java
"iguana.benchmark.IguanaBenchmark.benchmarkParse","ss",1,10,4.619117,1.118005,"ms/op",/Users/afroozeh/workspace/junit4/src/test/java/junit/tests/runner/ResultTest.java
"iguana.benchmark.IguanaBenchmark.benchmarkParse","ss",1,10,3.493779,0.711424,"ms/op",/Users/afroozeh/workspace/junit4/src/test/java/junit/tests/runner/TextRunnerSingleMethodTest.java
"iguana.benchmark.IguanaBenchmark.benchmarkParse","ss",1,10,6.058223,1.263431,"ms/op",/Users/afroozeh/workspace/junit4/src/test/java/junit/tests/runner/TextRunnerTest.java
"iguana.benchmark.IguanaBenchmark.benchmarkParse","ss",1,10,0.891978,0.257790,"ms/op",/Users/afroozeh/workspace/junit4/src/test/java/junit/tests/runner/package-info.java
"iguana.benchmark.IguanaBenchmark.benchmarkParse","ss",1,10,2.871891,0.837281,"ms/op",/Users/afroozeh/workspace/junit4/src/test/java/junit/tests/extensions/AllTests.java
"iguana.benchmark.IguanaBenchmark.benchmarkParse","ss",1,10,7.388936,1.547824,"ms/op",/Users/afroozeh/workspace/junit4/src/test/java/junit/tests/extensions/ActiveTestTest.java
"iguana.benchmark.IguanaBenchmark.benchmarkParse","ss",1,10,6.063313,1.295608,"ms/op",/Users/afroozeh/workspace/junit4/src/test/java/junit/tests/extensions/RepeatedTestTest.java
"iguana.benchmark.IguanaBenchmark.benchmarkParse","ss",1,10,7.264772,2.197732,"ms/op",/Users/afroozeh/workspace/junit4/src/test/java/junit/tests/extensions/ExtensionTest.java
"iguana.benchmark.IguanaBenchmark.benchmarkParse","ss",1,10,0.820061,0.232287,"ms/op",/Users/afroozeh/workspace/junit4/src/test/java/junit/tests/extensions/package-info.java
"iguana.benchmark.IguanaBenchmark.benchmarkParse","ss",1,10,1.898061,0.325521,"ms/op",/Users/afroozeh/workspace/junit4/src/test/java/junit/tests/WasRun.java
"iguana.benchmark.IguanaBenchmark.benchmarkParse","ss",1,10,0.994251,0.210805,"ms/op",/Users/afroozeh/workspace/junit4/src/test/java/junit/tests/package-info.java
"iguana.benchmark.IguanaBenchmark.benchmarkParse","ss",1,10,2.809743,0.507067,"ms/op",/Users/afroozeh/workspace/junit4/src/test/java/junit/samples/AllTests.java
"iguana.benchmark.IguanaBenchmark.benchmarkParse","ss",1,10,6.534047,1.325295,"ms/op",/Users/afroozeh/workspace/junit4/src/test/java/junit/samples/ListTest.java
"iguana.benchmark.IguanaBenchmark.benchmarkParse","ss",1,10,5.690290,2.009612,"ms/op",/Users/afroozeh/workspace/junit4/src/test/java/junit/samples/SimpleTest.java
"iguana.benchmark.IguanaBenchmark.benchmarkParse","ss",1,10,20.896828,6.790233,"ms/op",/Users/afroozeh/workspace/junit4/src/test/java/junit/samples/money/MoneyTest.java
"iguana.benchmark.IguanaBenchmark.benchmarkParse","ss",1,10,11.244000,0.448826,"ms/op",/Users/afroozeh/workspace/junit4/src/test/java/junit/samples/money/MoneyBag.java
"iguana.benchmark.IguanaBenchmark.benchmarkParse","ss",1,10,6.970169,1.983796,"ms/op",/Users/afroozeh/workspace/junit4/src/test/java/junit/samples/money/Money.java
"iguana.benchmark.IguanaBenchmark.benchmarkParse","ss",1,10,2.307372,1.005514,"ms/op",/Users/afroozeh/workspace/junit4/src/test/java/junit/samples/money/IMoney.java
"iguana.benchmark.IguanaBenchmark.benchmarkParse","ss",1,10,1.014633,0.268457,"ms/op",/Users/afroozeh/workspace/junit4/src/test/java/junit/samples/money/package-info.java
"iguana.benchmark.IguanaBenchmark.benchmarkParse","ss",1,10,0.914739,0.306311,"ms/op",/Users/afroozeh/workspace/junit4/src/test/java/junit/samples/package-info.java
"iguana.benchmark.IguanaBenchmark.benchmarkParse","ss",1,10,4.779161,0.669062,"ms/op",/Users/afroozeh/workspace/junit4/src/test/java/org/junit/runner/notification/RunNotifierTest.java
"iguana.benchmark.IguanaBenchmark.benchmarkParse","ss",1,10,10.173772,2.190735,"ms/op",/Users/afroozeh/workspace/junit4/src/test/java/org/junit/tests/AllTests.java
"iguana.benchmark.IguanaBenchmark.benchmarkParse","ss",1,10,17.035906,1.525863,"ms/op",/Users/afroozeh/workspace/junit4/src/test/java/org/junit/tests/running/methods/TimeoutTest.java
"iguana.benchmark.IguanaBenchmark.benchmarkParse","ss",1,10,8.504763,1.175396,"ms/op",/Users/afroozeh/workspace/junit4/src/test/java/org/junit/tests/running/methods/ParameterizedTestMethodTest.java
"iguana.benchmark.IguanaBenchmark.benchmarkParse","ss",1,10,36.813686,8.268195,"ms/op",/Users/afroozeh/workspace/junit4/src/test/java/org/junit/tests/running/methods/AnnotationTest.java
"iguana.benchmark.IguanaBenchmark.benchmarkParse","ss",1,10,13.340740,0.753124,"ms/op",/Users/afroozeh/workspace/junit4/src/test/java/org/junit/tests/running/methods/TestMethodTest.java
"iguana.benchmark.IguanaBenchmark.benchmarkParse","ss",1,10,6.533661,1.476669,"ms/op",/Users/afroozeh/workspace/junit4/src/test/java/org/junit/tests/running/methods/ExpectedTest.java
"iguana.benchmark.IguanaBenchmark.benchmarkParse","ss",1,10,3.230761,0.587172,"ms/op",/Users/afroozeh/workspace/junit4/src/test/java/org/junit/tests/running/methods/InheritedTestTest.java
"iguana.benchmark.IguanaBenchmark.benchmarkParse","ss",1,10,4.588049,1.146589,"ms/op",/Users/afroozeh/workspace/junit4/src/test/java/org/junit/tests/running/core/JUnitCoreReturnsCorrectExitCodeTest.java
"iguana.benchmark.IguanaBenchmark.benchmarkParse","ss",1,10,16.772275,1.265420,"ms/op",/Users/afroozeh/workspace/junit4/src/test/java/org/junit/tests/running/core/MainRunner.java
"iguana.benchmark.IguanaBenchmark.benchmarkParse","ss",1,10,6.117530,1.497018,"ms/op",/Users/afroozeh/workspace/junit4/src/test/java/org/junit/tests/running/core/CommandLineTest.java
"iguana.benchmark.IguanaBenchmark.benchmarkParse","ss",1,10,4.286743,0.654071,"ms/op",/Users/afroozeh/workspace/junit4/src/test/java/org/junit/tests/running/core/SystemExitTest.java
"iguana.benchmark.IguanaBenchmark.benchmarkParse","ss",1,10,3.966325,1.023775,"ms/op",/Users/afroozeh/workspace/junit4/src/test/java/org/junit/tests/running/classes/UseSuiteAsASuperclassTest.java
"iguana.benchmark.IguanaBenchmark.benchmarkParse","ss",1,10,3.244186,0.567014,"ms/op",/Users/afroozeh/workspace/junit4/src/test/java/org/junit/tests/running/classes/BlockJUnit4ClassRunnerTest.java
"iguana.benchmark.IguanaBenchmark.benchmarkParse","ss",1,10,6.488335,1.499800,"ms/op",/Users/afroozeh/workspace/junit4/src/test/java/org/junit/tests/running/classes/RunWithTest.java
"iguana.benchmark.IguanaBenchmark.benchmarkParse","ss",1,10,12.504518,1.412328,"ms/op",/Users/afroozeh/workspace/junit4/src/test/java/org/junit/tests/running/classes/ParentRunnerFilteringTest.java
"iguana.benchmark.IguanaBenchmark.benchmarkParse","ss",1,10,5.245853,2.444658,"ms/op",/Users/afroozeh/workspace/junit4/src/test/java/org/junit/tests/running/classes/EnclosedTest.java
"iguana.benchmark.IguanaBenchmark.benchmarkParse","ss",1,10,14.248178,0.664492,"ms/op",/Users/afroozeh/workspace/junit4/src/test/java/org/junit/tests/running/classes/SuiteTest.java
"iguana.benchmark.IguanaBenchmark.benchmarkParse","ss",1,10,9.703440,1.546645,"ms/op",/Users/afroozeh/workspace/junit4/src/test/java/org/junit/tests/running/classes/ParentRunnerTest.java
"iguana.benchmark.IguanaBenchmark.benchmarkParse","ss",1,10,27.268379,8.257629,"ms/op",/Users/afroozeh/workspace/junit4/src/test/java/org/junit/tests/running/classes/ParameterizedTestTest.java
"iguana.benchmark.IguanaBenchmark.benchmarkParse","ss",1,10,2.797823,0.678749,"ms/op",/Users/afroozeh/workspace/junit4/src/test/java/org/junit/tests/running/classes/IgnoreClassTest.java
"iguana.benchmark.IguanaBenchmark.benchmarkParse","ss",1,10,6.318347,1.549791,"ms/op",/Users/afroozeh/workspace/junit4/src/test/java/org/junit/tests/running/classes/TestClassTest.java
"iguana.benchmark.IguanaBenchmark.benchmarkParse","ss",1,10,6.664790,2.485030,"ms/op",/Users/afroozeh/workspace/junit4/src/test/java/org/junit/tests/experimental/parallel/ParallelMethodTest.java
"iguana.benchmark.IguanaBenchmark.benchmarkParse","ss",1,10,7.745111,1.672209,"ms/op",/Users/afroozeh/workspace/junit4/src/test/java/org/junit/tests/experimental/parallel/ParallelClassTest.java
"iguana.benchmark.IguanaBenchmark.benchmarkParse","ss",1,10,3.887597,1.562253,"ms/op",/Users/afroozeh/workspace/junit4/src/test/java/org/junit/tests/experimental/ExperimentalTests.java
"iguana.benchmark.IguanaBenchmark.benchmarkParse","ss",1,10,15.032903,1.248343,"ms/op",/Users/afroozeh/workspace/junit4/src/test/java/org/junit/tests/experimental/AssumptionTest.java
"iguana.benchmark.IguanaBenchmark.benchmarkParse","ss",1,10,5.267871,1.474993,"ms/op",/Users/afroozeh/workspace/junit4/src/test/java/org/junit/tests/experimental/theories/ParameterSignatureTest.java
"iguana.benchmark.IguanaBenchmark.benchmarkParse","ss",1,10,7.172156,2.369944,"ms/op",/Users/afroozeh/workspace/junit4/src/test/java/org/junit/tests/experimental/theories/extendingwithstubs/StubbedTheories.java
"iguana.benchmark.IguanaBenchmark.benchmarkParse","ss",1,10,1.692133,0.601444,"ms/op",/Users/afroozeh/workspace/junit4/src/test/java/org/junit/tests/experimental/theories/extendingwithstubs/Stub.java
"iguana.benchmark.IguanaBenchmark.benchmarkParse","ss",1,10,3.705005,1.214245,"ms/op",/Users/afroozeh/workspace/junit4/src/test/java/org/junit/tests/experimental/theories/extendingwithstubs/StringableObject.java
"iguana.benchmark.IguanaBenchmark.benchmarkParse","ss",1,10,1.762275,0.460912,"ms/op",/Users/afroozeh/workspace/junit4/src/test/java/org/junit/tests/experimental/theories/extendingwithstubs/ReguessableValue.java
"iguana.benchmark.IguanaBenchmark.benchmarkParse","ss",1,10,2.053605,0.586910,"ms/op",/Users/afroozeh/workspace/junit4/src/test/java/org/junit/tests/experimental/theories/extendingwithstubs/StubbedTheoriesTest.java
"iguana.benchmark.IguanaBenchmark.benchmarkParse","ss",1,10,9.906088,2.168484,"ms/op",/Users/afroozeh/workspace/junit4/src/test/java/org/junit/tests/experimental/theories/extendingwithstubs/Guesser.java
"iguana.benchmark.IguanaBenchmark.benchmarkParse","ss",1,10,1.388392,0.529537,"ms/op",/Users/afroozeh/workspace/junit4/src/test/java/org/junit/tests/experimental/theories/extendingwithstubs/Correspondent.java
"iguana.benchmark.IguanaBenchmark.benchmarkParse","ss",1,10,5.665466,1.552627,"ms/op",/Users/afroozeh/workspace/junit4/src/test/java/org/junit/tests/experimental/theories/extendingwithstubs/GuesserQueue.java
"iguana.benchmark.IguanaBenchmark.benchmarkParse","ss",1,10,5.656228,1.015192,"ms/op",/Users/afroozeh/workspace/junit4/src/test/java/org/junit/tests/experimental/theories/extendingwithstubs/MethodCall.java
"iguana.benchmark.IguanaBenchmark.benchmarkParse","ss",1,10,10.550637,2.055873,"ms/op",/Users/afroozeh/workspace/junit4/src/test/java/org/junit/tests/experimental/theories/runner/WithDataPointMethod.java
"iguana.benchmark.IguanaBenchmark.benchmarkParse","ss",1,10,8.883278,2.029117,"ms/op",/Users/afroozeh/workspace/junit4/src/test/java/org/junit/tests/experimental/theories/runner/UnsuccessfulWithDataPointFields.java
"iguana.benchmark.IguanaBenchmark.benchmarkParse","ss",1,10,7.064918,2.383661,"ms/op",/Users/afroozeh/workspace/junit4/src/test/java/org/junit/tests/experimental/theories/runner/WithOnlyTestAnnotations.java
"iguana.benchmark.IguanaBenchmark.benchmarkParse","ss",1,10,9.664023,1.945911,"ms/op",/Users/afroozeh/workspace/junit4/src/test/java/org/junit/tests/experimental/theories/runner/WithExtendedParameterSources.java
"iguana.benchmark.IguanaBenchmark.benchmarkParse","ss",1,10,5.493535,0.551405,"ms/op",/Users/afroozeh/workspace/junit4/src/test/java/org/junit/tests/experimental/theories/runner/WhenNoParametersMatch.java
"iguana.benchmark.IguanaBenchmark.benchmarkParse","ss",1,10,14.612412,2.223715,"ms/op",/Users/afroozeh/workspace/junit4/src/test/java/org/junit/tests/experimental/theories/runner/WithUnresolvedGenericTypeVariablesOnTheoryParms.java
"iguana.benchmark.IguanaBenchmark.benchmarkParse","ss",1,10,12.894774,0.501120,"ms/op",/Users/afroozeh/workspace/junit4/src/test/java/org/junit/tests/experimental/theories/runner/SuccessfulWithDataPointFields.java
"iguana.benchmark.IguanaBenchmark.benchmarkParse","ss",1,10,4.398142,0.587825,"ms/op",/Users/afroozeh/workspace/junit4/src/test/java/org/junit/tests/experimental/theories/runner/TypeMatchingBetweenMultiDataPointsMethod.java
"iguana.benchmark.IguanaBenchmark.benchmarkParse","ss",1,10,3.404589,0.991095,"ms/op",/Users/afroozeh/workspace/junit4/src/test/java/org/junit/tests/experimental/theories/runner/TheoriesPerformanceTest.java
"iguana.benchmark.IguanaBenchmark.benchmarkParse","ss",1,10,7.941385,2.650101,"ms/op",/Users/afroozeh/workspace/junit4/src/test/java/org/junit/tests/experimental/theories/ParameterizedAssertionErrorTest.java
"iguana.benchmark.IguanaBenchmark.benchmarkParse","ss",1,10,3.696021,1.147969,"ms/op",/Users/afroozeh/workspace/junit4/src/test/java/org/junit/tests/experimental/theories/TestedOnSupplierTest.java
"iguana.benchmark.IguanaBenchmark.benchmarkParse","ss",1,10,3.438749,0.915012,"ms/op",/Users/afroozeh/workspace/junit4/src/test/java/org/junit/tests/experimental/theories/AllMembersSupplierTest.java
"iguana.benchmark.IguanaBenchmark.benchmarkParse","ss",1,10,11.040584,1.419784,"ms/op",/Users/afroozeh/workspace/junit4/src/test/java/org/junit/tests/experimental/max/DescriptionTest.java
"iguana.benchmark.IguanaBenchmark.benchmarkParse","ss",1,10,5.236830,0.973901,"ms/op",/Users/afroozeh/workspace/junit4/src/test/java/org/junit/tests/experimental/max/JUnit38SortingTest.java
"iguana.benchmark.IguanaBenchmark.benchmarkParse","ss",1,10,25.082454,9.248883,"ms/op",/Users/afroozeh/workspace/junit4/src/test/java/org/junit/tests/experimental/max/MaxStarterTest.java
"iguana.benchmark.IguanaBenchmark.benchmarkParse","ss",1,10,3.005650,0.931761,"ms/op",/Users/afroozeh/workspace/junit4/src/test/java/org/junit/tests/experimental/results/ResultMatchersTest.java
"iguana.benchmark.IguanaBenchmark.benchmarkParse","ss",1,10,5.517462,1.145190,"ms/op",/Users/afroozeh/workspace/junit4/src/test/java/org/junit/tests/experimental/results/PrintableResultTest.java
"iguana.benchmark.IguanaBenchmark.benchmarkParse","ss",1,10,4.613831,1.260444,"ms/op",/Users/afroozeh/workspace/junit4/src/test/java/org/junit/tests/experimental/MatcherTest.java
"iguana.benchmark.IguanaBenchmark.benchmarkParse","ss",1,10,5.126527,0.663102,"ms/op",/Users/afroozeh/workspace/junit4/src/test/java/org/junit/tests/experimental/AssumptionViolatedExceptionTest.java
"iguana.benchmark.IguanaBenchmark.benchmarkParse","ss",1,10,4.091638,0.965624,"ms/op",/Users/afroozeh/workspace/junit4/src/test/java/org/junit/tests/experimental/rules/ExternalResourceRuleTest.java
"iguana.benchmark.IguanaBenchmark.benchmarkParse","ss",1,10,14.938530,1.231933,"ms/op",/Users/afroozeh/workspace/junit4/src/test/java/org/junit/tests/experimental/rules/ClassRulesTest.java
"iguana.benchmark.IguanaBenchmark.benchmarkParse","ss",1,10,10.415788,0.887441,"ms/op",/Users/afroozeh/workspace/junit4/src/test/java/org/junit/tests/experimental/rules/TestWatcherTest.java
"iguana.benchmark.IguanaBenchmark.benchmarkParse","ss",1,10,15.854632,0.993882,"ms/op",/Users/afroozeh/workspace/junit4/src/test/java/org/junit/tests/experimental/rules/RuleFieldValidatorTest.java
"iguana.benchmark.IguanaBenchmark.benchmarkParse","ss",1,10,4.370463,0.701239,"ms/op",/Users/afroozeh/workspace/junit4/src/test/java/org/junit/tests/experimental/rules/TimeoutRuleTest.java
"iguana.benchmark.IguanaBenchmark.benchmarkParse","ss",1,10,25.100342,2.008036,"ms/op",/Users/afroozeh/workspace/junit4/src/test/java/org/junit/tests/experimental/rules/TempFolderRuleTest.java
"iguana.benchmark.IguanaBenchmark.benchmarkParse","ss",1,10,13.912374,1.250800,"ms/op",/Users/afroozeh/workspace/junit4/src/test/java/org/junit/tests/experimental/rules/EventCollector.java
"iguana.benchmark.IguanaBenchmark.benchmarkParse","ss",1,10,15.676183,1.092555,"ms/op",/Users/afroozeh/workspace/junit4/src/test/java/org/junit/tests/experimental/rules/MethodRulesTest.java
"iguana.benchmark.IguanaBenchmark.benchmarkParse","ss",1,10,3.911768,0.399552,"ms/op",/Users/afroozeh/workspace/junit4/src/test/java/org/junit/tests/experimental/rules/NameRulesTest.java
"iguana.benchmark.IguanaBenchmark.benchmarkParse","ss",1,10,9.830123,1.203168,"ms/op",/Users/afroozeh/workspace/junit4/src/test/java/org/junit/tests/experimental/rules/VerifierRuleTest.java
"iguana.benchmark.IguanaBenchmark.benchmarkParse","ss",1,10,48.455498,24.060658,"ms/op",/Users/afroozeh/workspace/junit4/src/test/java/org/junit/tests/experimental/rules/TestRuleTest.java
"iguana.benchmark.IguanaBenchmark.benchmarkParse","ss",1,10,3.152339,1.094490,"ms/op",/Users/afroozeh/workspace/junit4/src/test/java/org/junit/tests/experimental/rules/LoggingTestWatcher.java
"iguana.benchmark.IguanaBenchmark.benchmarkParse","ss",1,10,5.181869,0.802242,"ms/op",/Users/afroozeh/workspace/junit4/src/test/java/org/junit/tests/experimental/rules/RuleChainTest.java
"iguana.benchmark.IguanaBenchmark.benchmarkParse","ss",1,10,14.843972,0.971546,"ms/op",/Users/afroozeh/workspace/junit4/src/test/java/org/junit/tests/experimental/rules/TemporaryFolderUsageTest.java
"iguana.benchmark.IguanaBenchmark.benchmarkParse","ss",1,10,7.243771,1.666917,"ms/op",/Users/afroozeh/workspace/junit4/src/test/java/org/junit/tests/experimental/rules/BlockJUnit4ClassRunnerOverrideTest.java
"iguana.benchmark.IguanaBenchmark.benchmarkParse","ss",1,10,25.496254,3.615862,"ms/op",/Users/afroozeh/workspace/junit4/src/test/java/org/junit/tests/experimental/rules/ExpectedExceptionTest.java
"iguana.benchmark.IguanaBenchmark.benchmarkParse","ss",1,10,6.127589,1.332701,"ms/op",/Users/afroozeh/workspace/junit4/src/test/java/org/junit/tests/experimental/rules/TestWatchmanTest.java
"iguana.benchmark.IguanaBenchmark.benchmarkParse","ss",1,10,8.277672,1.269449,"ms/op",/Users/afroozeh/workspace/junit4/src/test/java/org/junit/tests/experimental/categories/CategoriesAndParameterizedTest.java
"iguana.benchmark.IguanaBenchmark.benchmarkParse","ss",1,10,17.552832,1.387623,"ms/op",/Users/afroozeh/workspace/junit4/src/test/java/org/junit/tests/experimental/categories/CategoryTest.java
"iguana.benchmark.IguanaBenchmark.benchmarkParse","ss",1,10,5.980779,1.942505,"ms/op",/Users/afroozeh/workspace/junit4/src/test/java/org/junit/tests/listening/RunnerTest.java
"iguana.benchmark.IguanaBenchmark.benchmarkParse","ss",1,10,5.949246,1.402546,"ms/op",/Users/afroozeh/workspace/junit4/src/test/java/org/junit/tests/listening/TestListenerTest.java
"iguana.benchmark.IguanaBenchmark.benchmarkParse","ss",1,10,3.656133,0.550661,"ms/op",/Users/afroozeh/workspace/junit4/src/test/java/org/junit/tests/listening/ListenerTest.java
"iguana.benchmark.IguanaBenchmark.benchmarkParse","ss",1,10,3.352127,0.623205,"ms/op",/Users/afroozeh/workspace/junit4/src/test/java/org/junit/tests/listening/UserStopTest.java
"iguana.benchmark.IguanaBenchmark.benchmarkParse","ss",1,10,7.812170,4.542110,"ms/op",/Users/afroozeh/workspace/junit4/src/test/java/org/junit/tests/listening/TextListenerTest.java
"iguana.benchmark.IguanaBenchmark.benchmarkParse","ss",1,10,5.123387,1.206181,"ms/op",/Users/afroozeh/workspace/junit4/src/test/java/org/junit/tests/manipulation/FilterTest.java
"iguana.benchmark.IguanaBenchmark.benchmarkParse","ss",1,10,4.681773,0.672586,"ms/op",/Users/afroozeh/workspace/junit4/src/test/java/org/junit/tests/manipulation/FilterableTest.java
"iguana.benchmark.IguanaBenchmark.benchmarkParse","ss",1,10,12.825755,1.163041,"ms/op",/Users/afroozeh/workspace/junit4/src/test/java/org/junit/tests/manipulation/SingleMethodTest.java
"iguana.benchmark.IguanaBenchmark.benchmarkParse","ss",1,10,11.251518,0.558641,"ms/op",/Users/afroozeh/workspace/junit4/src/test/java/org/junit/tests/manipulation/SortableTest.java
"iguana.benchmark.IguanaBenchmark.benchmarkParse","ss",1,10,2.456366,0.886072,"ms/op",/Users/afroozeh/workspace/junit4/src/test/java/org/junit/tests/TestSystem.java
"iguana.benchmark.IguanaBenchmark.benchmarkParse","ss",1,10,10.394931,0.909136,"ms/op",/Users/afroozeh/workspace/junit4/src/test/java/org/junit/tests/internal/runners/statements/FailOnTimeoutTest.java
"iguana.benchmark.IguanaBenchmark.benchmarkParse","ss",1,10,5.042364,0.606518,"ms/op",/Users/afroozeh/workspace/junit4/src/test/java/org/junit/tests/assertion/MultipleFailureExceptionTest.java
"iguana.benchmark.IguanaBenchmark.benchmarkParse","ss",1,10,31.782193,12.192357,"ms/op",/Users/afroozeh/workspace/junit4/src/test/java/org/junit/tests/assertion/AssertionTest.java
"iguana.benchmark.IguanaBenchmark.benchmarkParse","ss",1,10,7.160859,1.565162,"ms/op",/Users/afroozeh/workspace/junit4/src/test/java/org/junit/tests/junit3compatibility/AllTestsTest.java
"iguana.benchmark.IguanaBenchmark.benchmarkParse","ss",1,10,2.401674,0.861177,"ms/op",/Users/afroozeh/workspace/junit4/src/test/java/org/junit/tests/junit3compatibility/ClassRequestTest.java
"iguana.benchmark.IguanaBenchmark.benchmarkParse","ss",1,10,7.617018,1.755977,"ms/op",/Users/afroozeh/workspace/junit4/src/test/java/org/junit/tests/junit3compatibility/JUnit38ClassRunnerTest.java
"iguana.benchmark.IguanaBenchmark.benchmarkParse","ss",1,10,1.802825,0.550227,"ms/op",/Users/afroozeh/workspace/junit4/src/test/java/org/junit/tests/junit3compatibility/OldTests.java
"iguana.benchmark.IguanaBenchmark.benchmarkParse","ss",1,10,7.033876,1.661692,"ms/op",/Users/afroozeh/workspace/junit4/src/test/java/org/junit/tests/junit3compatibility/InitializationErrorForwardCompatibilityTest.java
"iguana.benchmark.IguanaBenchmark.benchmarkParse","ss",1,10,7.501058,1.860278,"ms/op",/Users/afroozeh/workspace/junit4/src/test/java/org/junit/tests/junit3compatibility/ForwardCompatibilityPrintingTest.java
"iguana.benchmark.IguanaBenchmark.benchmarkParse","ss",1,10,15.829061,1.044417,"ms/op",/Users/afroozeh/workspace/junit4/src/test/java/org/junit/tests/junit3compatibility/ForwardCompatibilityTest.java
"iguana.benchmark.IguanaBenchmark.benchmarkParse","ss",1,10,9.004977,1.709327,"ms/op",/Users/afroozeh/workspace/junit4/src/test/java/org/junit/tests/junit3compatibility/SuiteMethodTest.java
"iguana.benchmark.IguanaBenchmark.benchmarkParse","ss",1,10,3.397166,1.122789,"ms/op",/Users/afroozeh/workspace/junit4/src/test/java/org/junit/tests/junit3compatibility/OldTestClassAdaptingListenerTest.java
"iguana.benchmark.IguanaBenchmark.benchmarkParse","ss",1,10,3.024821,1.038374,"ms/op",/Users/afroozeh/workspace/junit4/src/test/java/org/junit/tests/description/TestDescriptionTest.java
"iguana.benchmark.IguanaBenchmark.benchmarkParse","ss",1,10,5.525213,0.756733,"ms/op",/Users/afroozeh/workspace/junit4/src/test/java/org/junit/tests/description/SuiteDescriptionTest.java
"iguana.benchmark.IguanaBenchmark.benchmarkParse","ss",1,10,6.323872,1.574881,"ms/op",/Users/afroozeh/workspace/junit4/src/test/java/org/junit/tests/description/AnnotatedDescriptionTest.java
"iguana.benchmark.IguanaBenchmark.benchmarkParse","ss",1,10,1.045948,0.224910,"ms/op",/Users/afroozeh/workspace/junit4/src/test/java/org/junit/tests/package-info.java
"iguana.benchmark.IguanaBenchmark.benchmarkParse","ss",1,10,4.940248,0.920757,"ms/op",/Users/afroozeh/workspace/junit4/src/test/java/org/junit/tests/validation/BadlyFormedClassesTest.java
"iguana.benchmark.IguanaBenchmark.benchmarkParse","ss",1,10,2.363627,0.700126,"ms/op",/Users/afroozeh/workspace/junit4/src/test/java/org/junit/tests/validation/InaccessibleBaseClassTest.java
"iguana.benchmark.IguanaBenchmark.benchmarkParse","ss",1,10,1.353117,0.541409,"ms/op",/Users/afroozeh/workspace/junit4/src/test/java/org/junit/tests/validation/anotherpackage/Super.java
"iguana.benchmark.IguanaBenchmark.benchmarkParse","ss",1,10,1.225913,0.408403,"ms/op",/Users/afroozeh/workspace/junit4/src/test/java/org/junit/tests/validation/anotherpackage/Sub.java
"iguana.benchmark.IguanaBenchmark.benchmarkParse","ss",1,10,3.027160,0.875514,"ms/op",/Users/afroozeh/workspace/junit4/src/test/java/org/junit/tests/validation/FailedConstructionTest.java
"iguana.benchmark.IguanaBenchmark.benchmarkParse","ss",1,10,4.344972,1.150680,"ms/op",/Users/afroozeh/workspace/junit4/src/test/java/org/junit/tests/validation/ValidationTest.java
"iguana.benchmark.IguanaBenchmark.benchmarkParse","ss",1,10,4.577927,0.649582,"ms/op",/Users/afroozeh/workspace/junit4/src/test/java/org/junit/tests/ObjectContractTest.java
"iguana.benchmark.IguanaBenchmark.benchmarkParse","ss",1,10,4.730763,0.560882,"ms/op",/Users/afroozeh/workspace/junit4/src/test/java/org/junit/tests/deprecated/JUnit4ClassRunnerTest.java
"iguana.benchmark.IguanaBenchmark.benchmarkParse","ss",1,10,9.679615,1.320305,"ms/op",/Users/afroozeh/workspace/junit4/src/test/java/org/junit/internal/MethodSorterTest.java
"iguana.benchmark.IguanaBenchmark.benchmarkParse","ss",1,10,4.021660,0.656029,"ms/op",/Users/afroozeh/workspace/junit4/src/test/java/org/junit/internal/matchers/StacktracePrintingMatcherTest.java
"iguana.benchmark.IguanaBenchmark.benchmarkParse","ss",1,10,8.432222,1.394738,"ms/op",/Users/afroozeh/workspace/junit4/src/test/java/org/junit/samples/ListTest.java
"iguana.benchmark.IguanaBenchmark.benchmarkParse","ss",1,10,5.141860,1.475058,"ms/op",/Users/afroozeh/workspace/junit4/src/test/java/org/junit/samples/SimpleTest.java
"iguana.benchmark.IguanaBenchmark.benchmarkParse","ss",1,10,19.606690,2.011647,"ms/op",/Users/afroozeh/workspace/junit4/src/test/java/org/junit/samples/money/MoneyTest.java
"iguana.benchmark.IguanaBenchmark.benchmarkParse","ss",1,10,0.953128,0.262960,"ms/op",/Users/afroozeh/workspace/junit4/src/test/java/org/junit/samples/money/package-info.java
"iguana.benchmark.IguanaBenchmark.benchmarkParse","ss",1,10,0.883904,0.338328,"ms/op",/Users/afroozeh/workspace/junit4/src/test/java/org/junit/samples/package-info.java
"iguana.benchmark.IguanaBenchmark.benchmarkParse","ss",1,10,15.477516,0.780436,"ms/op",/Users/afroozeh/workspace/junit4/src/main/java/junit/textui/TestRunner.java
"iguana.benchmark.IguanaBenchmark.benchmarkParse","ss",1,10,8.822405,1.928137,"ms/op",/Users/afroozeh/workspace/junit4/src/main/java/junit/textui/ResultPrinter.java
"iguana.benchmark.IguanaBenchmark.benchmarkParse","ss",1,10,0.937366,0.148723,"ms/op",/Users/afroozeh/workspace/junit4/src/main/java/junit/textui/package-info.java
"iguana.benchmark.IguanaBenchmark.benchmarkParse","ss",1,10,9.506833,1.387065,"ms/op",/Users/afroozeh/workspace/junit4/src/main/java/junit/framework/ComparisonCompactor.java
"iguana.benchmark.IguanaBenchmark.benchmarkParse","ss",1,10,3.030654,1.441475,"ms/op",/Users/afroozeh/workspace/junit4/src/main/java/junit/framework/JUnit4TestCaseFacade.java
"iguana.benchmark.IguanaBenchmark.benchmarkParse","ss",1,10,6.737597,1.357208,"ms/op",/Users/afroozeh/workspace/junit4/src/main/java/junit/framework/JUnit4TestAdapter.java
"iguana.benchmark.IguanaBenchmark.benchmarkParse","ss",1,10,1.540240,0.565442,"ms/op",/Users/afroozeh/workspace/junit4/src/main/java/junit/framework/TestListener.java
"iguana.benchmark.IguanaBenchmark.benchmarkParse","ss",1,10,3.263017,0.529280,"ms/op",/Users/afroozeh/workspace/junit4/src/main/java/junit/framework/ComparisonFailure.java
"iguana.benchmark.IguanaBenchmark.benchmarkParse","ss",1,10,1.879271,0.585596,"ms/op",/Users/afroozeh/workspace/junit4/src/main/java/junit/framework/AssertionFailedError.java
"iguana.benchmark.IguanaBenchmark.benchmarkParse","ss",1,10,4.674948,1.253107,"ms/op",/Users/afroozeh/workspace/junit4/src/main/java/junit/framework/TestFailure.java
"iguana.benchmark.IguanaBenchmark.benchmarkParse","ss",1,10,19.087373,1.246436,"ms/op",/Users/afroozeh/workspace/junit4/src/main/java/junit/framework/Assert.java
"iguana.benchmark.IguanaBenchmark.benchmarkParse","ss",1,10,1.419186,0.656088,"ms/op",/Users/afroozeh/workspace/junit4/src/main/java/junit/framework/Test.java
"iguana.benchmark.IguanaBenchmark.benchmarkParse","ss",1,10,1.371018,0.622360,"ms/op",/Users/afroozeh/workspace/junit4/src/main/java/junit/framework/Protectable.java
"iguana.benchmark.IguanaBenchmark.benchmarkParse","ss",1,10,9.911315,1.275722,"ms/op",/Users/afroozeh/workspace/junit4/src/main/java/junit/framework/TestResult.java
"iguana.benchmark.IguanaBenchmark.benchmarkParse","ss",1,10,21.275942,1.530981,"ms/op",/Users/afroozeh/workspace/junit4/src/main/java/junit/framework/TestCase.java
"iguana.benchmark.IguanaBenchmark.benchmarkParse","ss",1,10,0.789659,0.139958,"ms/op",/Users/afroozeh/workspace/junit4/src/main/java/junit/framework/package-info.java
"iguana.benchmark.IguanaBenchmark.benchmarkParse","ss",1,10,7.109321,1.736658,"ms/op",/Users/afroozeh/workspace/junit4/src/main/java/junit/framework/JUnit4TestAdapterCache.java
"iguana.benchmark.IguanaBenchmark.benchmarkParse","ss",1,10,15.896500,0.243594,"ms/op",/Users/afroozeh/workspace/junit4/src/main/java/junit/framework/TestSuite.java
"iguana.benchmark.IguanaBenchmark.benchmarkParse","ss",1,10,20.457841,0.845027,"ms/op",/Users/afroozeh/workspace/junit4/src/main/java/junit/runner/BaseTestRunner.java
"iguana.benchmark.IguanaBenchmark.benchmarkParse","ss",1,10,1.792740,0.790239,"ms/op",/Users/afroozeh/workspace/junit4/src/main/java/junit/runner/TestRunListener.java
"iguana.benchmark.IguanaBenchmark.benchmarkParse","ss",1,10,2.235688,0.992060,"ms/op",/Users/afroozeh/workspace/junit4/src/main/java/junit/runner/Version.java
"iguana.benchmark.IguanaBenchmark.benchmarkParse","ss",1,10,0.892497,0.287143,"ms/op",/Users/afroozeh/workspace/junit4/src/main/java/junit/runner/package-info.java
"iguana.benchmark.IguanaBenchmark.benchmarkParse","ss",1,10,5.335128,0.706070,"ms/op",/Users/afroozeh/workspace/junit4/src/main/java/junit/extensions/ActiveTestSuite.java
"iguana.benchmark.IguanaBenchmark.benchmarkParse","ss",1,10,3.474709,0.553466,"ms/op",/Users/afroozeh/workspace/junit4/src/main/java/junit/extensions/RepeatedTest.java
"iguana.benchmark.IguanaBenchmark.benchmarkParse","ss",1,10,3.329644,0.831871,"ms/op",/Users/afroozeh/workspace/junit4/src/main/java/junit/extensions/TestSetup.java
"iguana.benchmark.IguanaBenchmark.benchmarkParse","ss",1,10,3.664451,1.658386,"ms/op",/Users/afroozeh/workspace/junit4/src/main/java/junit/extensions/TestDecorator.java
"iguana.benchmark.IguanaBenchmark.benchmarkParse","ss",1,10,0.761572,0.106704,"ms/op",/Users/afroozeh/workspace/junit4/src/main/java/junit/extensions/package-info.java
"iguana.benchmark.IguanaBenchmark.benchmarkParse","ss",1,10,2.114664,0.829686,"ms/op",/Users/afroozeh/workspace/junit4/src/main/java/org/junit/ClassRule.java
"iguana.benchmark.IguanaBenchmark.benchmarkParse","ss",1,10,7.021258,1.634193,"ms/op",/Users/afroozeh/workspace/junit4/src/main/java/org/junit/experimental/ParallelComputer.java
"iguana.benchmark.IguanaBenchmark.benchmarkParse","ss",1,10,2.966425,1.011210,"ms/op",/Users/afroozeh/workspace/junit4/src/main/java/org/junit/experimental/theories/PotentialAssignment.java
"iguana.benchmark.IguanaBenchmark.benchmarkParse","ss",1,10,12.854796,1.160696,"ms/op",/Users/afroozeh/workspace/junit4/src/main/java/org/junit/experimental/theories/Theories.java
"iguana.benchmark.IguanaBenchmark.benchmarkParse","ss",1,10,3.225736,0.987971,"ms/op",/Users/afroozeh/workspace/junit4/src/main/java/org/junit/experimental/theories/suppliers/TestedOnSupplier.java
"iguana.benchmark.IguanaBenchmark.benchmarkParse","ss",1,10,1.631444,0.720786,"ms/op",/Users/afroozeh/workspace/junit4/src/main/java/org/junit/experimental/theories/suppliers/TestedOn.java
"iguana.benchmark.IguanaBenchmark.benchmarkParse","ss",1,10,1.537968,0.684560,"ms/op",/Users/afroozeh/workspace/junit4/src/main/java/org/junit/experimental/theories/ParameterSupplier.java
"iguana.benchmark.IguanaBenchmark.benchmarkParse","ss",1,10,1.653229,0.919882,"ms/op",/Users/afroozeh/workspace/junit4/src/main/java/org/junit/experimental/theories/DataPoints.java
"iguana.benchmark.IguanaBenchmark.benchmarkParse","ss",1,10,1.838785,0.642629,"ms/op",/Users/afroozeh/workspace/junit4/src/main/java/org/junit/experimental/theories/DataPoint.java
"iguana.benchmark.IguanaBenchmark.benchmarkParse","ss",1,10,12.124362,1.443226,"ms/op",/Users/afroozeh/workspace/junit4/src/main/java/org/junit/experimental/theories/internal/AllMembersSupplier.java
"iguana.benchmark.IguanaBenchmark.benchmarkParse","ss",1,10,5.081488,0.756065,"ms/op",/Users/afroozeh/workspace/junit4/src/main/java/org/junit/experimental/theories/internal/ParameterizedAssertionError.java
"iguana.benchmark.IguanaBenchmark.benchmarkParse","ss",1,10,12.736402,1.436962,"ms/op",/Users/afroozeh/workspace/junit4/src/main/java/org/junit/experimental/theories/internal/Assignments.java
"iguana.benchmark.IguanaBenchmark.benchmarkParse","ss",1,10,8.437604,2.210897,"ms/op",/Users/afroozeh/workspace/junit4/src/main/java/org/junit/experimental/theories/ParameterSignature.java
"iguana.benchmark.IguanaBenchmark.benchmarkParse","ss",1,10,1.720126,0.635432,"ms/op",/Users/afroozeh/workspace/junit4/src/main/java/org/junit/experimental/theories/Theory.java
"iguana.benchmark.IguanaBenchmark.benchmarkParse","ss",1,10,1.855606,0.785718,"ms/op",/Users/afroozeh/workspace/junit4/src/main/java/org/junit/experimental/theories/ParametersSuppliedBy.java
"iguana.benchmark.IguanaBenchmark.benchmarkParse","ss",1,10,11.480986,1.010663,"ms/op",/Users/afroozeh/workspace/junit4/src/main/java/org/junit/experimental/max/MaxCore.java
"iguana.benchmark.IguanaBenchmark.benchmarkParse","ss",1,10,1.762319,0.615049,"ms/op",/Users/afroozeh/workspace/junit4/src/main/java/org/junit/experimental/max/CouldNotReadCoreException.java
"iguana.benchmark.IguanaBenchmark.benchmarkParse","ss",1,10,10.004017,1.496197,"ms/op",/Users/afroozeh/workspace/junit4/src/main/java/org/junit/experimental/max/MaxHistory.java
"iguana.benchmark.IguanaBenchmark.benchmarkParse","ss",1,10,4.285461,1.088329,"ms/op",/Users/afroozeh/workspace/junit4/src/main/java/org/junit/experimental/results/PrintableResult.java
"iguana.benchmark.IguanaBenchmark.benchmarkParse","ss",1,10,2.920862,0.520774,"ms/op",/Users/afroozeh/workspace/junit4/src/main/java/org/junit/experimental/results/FailureList.java
"iguana.benchmark.IguanaBenchmark.benchmarkParse","ss",1,10,6.434275,1.484756,"ms/op",/Users/afroozeh/workspace/junit4/src/main/java/org/junit/experimental/results/ResultMatchers.java
"iguana.benchmark.IguanaBenchmark.benchmarkParse","ss",1,10,2.056196,0.770408,"ms/op",/Users/afroozeh/workspace/junit4/src/main/java/org/junit/experimental/runners/Enclosed.java
"iguana.benchmark.IguanaBenchmark.benchmarkParse","ss",1,10,1.722850,0.800338,"ms/op",/Users/afroozeh/workspace/junit4/src/main/java/org/junit/experimental/categories/Category.java
"iguana.benchmark.IguanaBenchmark.benchmarkParse","ss",1,10,13.103819,0.846297,"ms/op",/Users/afroozeh/workspace/junit4/src/main/java/org/junit/experimental/categories/Categories.java
"iguana.benchmark.IguanaBenchmark.benchmarkParse","ss",1,10,2.293393,0.791274,"ms/op",/Users/afroozeh/workspace/junit4/src/main/java/org/junit/BeforeClass.java
"iguana.benchmark.IguanaBenchmark.benchmarkParse","ss",1,10,10.290382,0.758612,"ms/op",/Users/afroozeh/workspace/junit4/src/main/java/org/junit/ComparisonFailure.java
"iguana.benchmark.IguanaBenchmark.benchmarkParse","ss",1,10,1.508911,0.815804,"ms/op",/Users/afroozeh/workspace/junit4/src/main/java/org/junit/runner/manipulation/Filterable.java
"iguana.benchmark.IguanaBenchmark.benchmarkParse","ss",1,10,1.497380,0.797522,"ms/op",/Users/afroozeh/workspace/junit4/src/main/java/org/junit/runner/manipulation/Sortable.java
"iguana.benchmark.IguanaBenchmark.benchmarkParse","ss",1,10,3.887768,1.327404,"ms/op",/Users/afroozeh/workspace/junit4/src/main/java/org/junit/runner/manipulation/Sorter.java
"iguana.benchmark.IguanaBenchmark.benchmarkParse","ss",1,10,0.865027,0.171697,"ms/op",/Users/afroozeh/workspace/junit4/src/main/java/org/junit/runner/manipulation/package-info.java
"iguana.benchmark.IguanaBenchmark.benchmarkParse","ss",1,10,7.610777,3.484651,"ms/op",/Users/afroozeh/workspace/junit4/src/main/java/org/junit/runner/manipulation/Filter.java
"iguana.benchmark.IguanaBenchmark.benchmarkParse","ss",1,10,1.837429,0.933298,"ms/op",/Users/afroozeh/workspace/junit4/src/main/java/org/junit/runner/manipulation/NoTestsRemainException.java
"iguana.benchmark.IguanaBenchmark.benchmarkParse","ss",1,10,4.754963,1.112769,"ms/op",/Users/afroozeh/workspace/junit4/src/main/java/org/junit/runner/notification/Failure.java
"iguana.benchmark.IguanaBenchmark.benchmarkParse","ss",1,10,1.574911,0.373635,"ms/op",/Users/afroozeh/workspace/junit4/src/main/java/org/junit/runner/notification/StoppedByUserException.java
"iguana.benchmark.IguanaBenchmark.benchmarkParse","ss",1,10,3.033818,2.154300,"ms/op",/Users/afroozeh/workspace/junit4/src/main/java/org/junit/runner/notification/RunListener.java
"iguana.benchmark.IguanaBenchmark.benchmarkParse","ss",1,10,9.198942,2.116767,"ms/op",/Users/afroozeh/workspace/junit4/src/main/java/org/junit/runner/notification/RunNotifier.java
"iguana.benchmark.IguanaBenchmark.benchmarkParse","ss",1,10,0.948189,0.300022,"ms/op",/Users/afroozeh/workspace/junit4/src/main/java/org/junit/runner/notification/package-info.java
"iguana.benchmark.IguanaBenchmark.benchmarkParse","ss",1,10,2.119013,0.576995,"ms/op",/Users/afroozeh/workspace/junit4/src/main/java/org/junit/runner/Runner.java
"iguana.benchmark.IguanaBenchmark.benchmarkParse","ss",1,10,3.010006,1.186001,"ms/op",/Users/afroozeh/workspace/junit4/src/main/java/org/junit/runner/Computer.java
"iguana.benchmark.IguanaBenchmark.benchmarkParse","ss",1,10,13.698615,0.957606,"ms/op",/Users/afroozeh/workspace/junit4/src/main/java/org/junit/runner/Description.java
"iguana.benchmark.IguanaBenchmark.benchmarkParse","ss",1,10,2.032882,0.857907,"ms/op",/Users/afroozeh/workspace/junit4/src/main/java/org/junit/runner/RunWith.java
"iguana.benchmark.IguanaBenchmark.benchmarkParse","ss",1,10,1.342061,0.404798,"ms/op",/Users/afroozeh/workspace/junit4/src/main/java/org/junit/runner/Describable.java
"iguana.benchmark.IguanaBenchmark.benchmarkParse","ss",1,10,9.225071,1.242341,"ms/op",/Users/afroozeh/workspace/junit4/src/main/java/org/junit/runner/JUnitCore.java
"iguana.benchmark.IguanaBenchmark.benchmarkParse","ss",1,10,5.792131,1.335538,"ms/op",/Users/afroozeh/workspace/junit4/src/main/java/org/junit/runner/Result.java
"iguana.benchmark.IguanaBenchmark.benchmarkParse","ss",1,10,0.817575,0.098545,"ms/op",/Users/afroozeh/workspace/junit4/src/main/java/org/junit/runner/package-info.java
"iguana.benchmark.IguanaBenchmark.benchmarkParse","ss",1,10,6.763823,1.625119,"ms/op",/Users/afroozeh/workspace/junit4/src/main/java/org/junit/runner/Request.java
"iguana.benchmark.IguanaBenchmark.benchmarkParse","ss",1,10,1.759679,0.636820,"ms/op",/Users/afroozeh/workspace/junit4/src/main/java/org/junit/Ignore.java
"iguana.benchmark.IguanaBenchmark.benchmarkParse","ss",1,10,2.069057,0.675746,"ms/op",/Users/afroozeh/workspace/junit4/src/main/java/org/junit/internal/builders/JUnit4Builder.java
"iguana.benchmark.IguanaBenchmark.benchmarkParse","ss",1,10,2.232111,0.937284,"ms/op",/Users/afroozeh/workspace/junit4/src/main/java/org/junit/internal/builders/IgnoredClassRunner.java
"iguana.benchmark.IguanaBenchmark.benchmarkParse","ss",1,10,4.558773,0.389164,"ms/op",/Users/afroozeh/workspace/junit4/src/main/java/org/junit/internal/builders/AnnotatedBuilder.java
"iguana.benchmark.IguanaBenchmark.benchmarkParse","ss",1,10,1.706913,0.462993,"ms/op",/Users/afroozeh/workspace/junit4/src/main/java/org/junit/internal/builders/NullBuilder.java
"iguana.benchmark.IguanaBenchmark.benchmarkParse","ss",1,10,2.260796,0.642528,"ms/op",/Users/afroozeh/workspace/junit4/src/main/java/org/junit/internal/builders/IgnoredBuilder.java
"iguana.benchmark.IguanaBenchmark.benchmarkParse","ss",1,10,4.447444,0.657657,"ms/op",/Users/afroozeh/workspace/junit4/src/main/java/org/junit/internal/builders/AllDefaultPossibilitiesBuilder.java
"iguana.benchmark.IguanaBenchmark.benchmarkParse","ss",1,10,2.477825,0.777686,"ms/op",/Users/afroozeh/workspace/junit4/src/main/java/org/junit/internal/builders/JUnit3Builder.java
"iguana.benchmark.IguanaBenchmark.benchmarkParse","ss",1,10,3.438721,1.852618,"ms/op",/Users/afroozeh/workspace/junit4/src/main/java/org/junit/internal/builders/SuiteMethodBuilder.java
"iguana.benchmark.IguanaBenchmark.benchmarkParse","ss",1,10,3.455227,0.820961,"ms/op",/Users/afroozeh/workspace/junit4/src/main/java/org/junit/internal/InexactComparisonCriteria.java
"iguana.benchmark.IguanaBenchmark.benchmarkParse","ss",1,10,5.059708,0.922140,"ms/op",/Users/afroozeh/workspace/junit4/src/main/java/org/junit/internal/ArrayComparisonFailure.java
"iguana.benchmark.IguanaBenchmark.benchmarkParse","ss",1,10,3.543018,1.056893,"ms/op",/Users/afroozeh/workspace/junit4/src/main/java/org/junit/internal/requests/ClassRequest.java
"iguana.benchmark.IguanaBenchmark.benchmarkParse","ss",1,10,2.951291,1.290341,"ms/op",/Users/afroozeh/workspace/junit4/src/main/java/org/junit/internal/requests/SortingRequest.java
"iguana.benchmark.IguanaBenchmark.benchmarkParse","ss",1,10,3.314309,0.730772,"ms/op",/Users/afroozeh/workspace/junit4/src/main/java/org/junit/internal/requests/FilterRequest.java
"iguana.benchmark.IguanaBenchmark.benchmarkParse","ss",1,10,0.891554,0.294113,"ms/op",/Users/afroozeh/workspace/junit4/src/main/java/org/junit/internal/requests/package-info.java
"iguana.benchmark.IguanaBenchmark.benchmarkParse","ss",1,10,1.285104,0.547182,"ms/op",/Users/afroozeh/workspace/junit4/src/main/java/org/junit/internal/JUnitSystem.java
"iguana.benchmark.IguanaBenchmark.benchmarkParse","ss",1,10,1.597330,0.629080,"ms/op",/Users/afroozeh/workspace/junit4/src/main/java/org/junit/internal/RealSystem.java
"iguana.benchmark.IguanaBenchmark.benchmarkParse","ss",1,10,5.913894,1.308340,"ms/op",/Users/afroozeh/workspace/junit4/src/main/java/org/junit/internal/MethodSorter.java
"iguana.benchmark.IguanaBenchmark.benchmarkParse","ss",1,10,6.385206,1.509518,"ms/op",/Users/afroozeh/workspace/junit4/src/main/java/org/junit/internal/ComparisonCriteria.java
"iguana.benchmark.IguanaBenchmark.benchmarkParse","ss",1,10,8.508987,1.590522,"ms/op",/Users/afroozeh/workspace/junit4/src/main/java/org/junit/internal/TextListener.java
"iguana.benchmark.IguanaBenchmark.benchmarkParse","ss",1,10,6.774960,1.471297,"ms/op",/Users/afroozeh/workspace/junit4/src/main/java/org/junit/internal/AssumptionViolatedException.java
"iguana.benchmark.IguanaBenchmark.benchmarkParse","ss",1,10,8.735006,1.655656,"ms/op",/Users/afroozeh/workspace/junit4/src/main/java/org/junit/internal/runners/TestClass.java
"iguana.benchmark.IguanaBenchmark.benchmarkParse","ss",1,10,5.422051,1.127750,"ms/op",/Users/afroozeh/workspace/junit4/src/main/java/org/junit/internal/runners/TestMethod.java
"iguana.benchmark.IguanaBenchmark.benchmarkParse","ss",1,10,11.196289,2.598864,"ms/op",/Users/afroozeh/workspace/junit4/src/main/java/org/junit/internal/runners/MethodRoadie.java
"iguana.benchmark.IguanaBenchmark.benchmarkParse","ss",1,10,13.223873,0.727726,"ms/op",/Users/afroozeh/workspace/junit4/src/main/java/org/junit/internal/runners/JUnit38ClassRunner.java
"iguana.benchmark.IguanaBenchmark.benchmarkParse","ss",1,10,11.160825,0.914588,"ms/op",/Users/afroozeh/workspace/junit4/src/main/java/org/junit/internal/runners/JUnit4ClassRunner.java
"iguana.benchmark.IguanaBenchmark.benchmarkParse","ss",1,10,7.854413,1.579838,"ms/op",/Users/afroozeh/workspace/junit4/src/main/java/org/junit/internal/runners/MethodValidator.java
"iguana.benchmark.IguanaBenchmark.benchmarkParse","ss",1,10,1.679140,0.459249,"ms/op",/Users/afroozeh/workspace/junit4/src/main/java/org/junit/internal/runners/FailedBefore.java
"iguana.benchmark.IguanaBenchmark.benchmarkParse","ss",1,10,7.158492,1.637924,"ms/op",/Users/afroozeh/workspace/junit4/src/main/java/org/junit/internal/runners/ErrorReportingRunner.java
"iguana.benchmark.IguanaBenchmark.benchmarkParse","ss",1,10,2.289504,1.153415,"ms/op",/Users/afroozeh/workspace/junit4/src/main/java/org/junit/internal/runners/statements/Fail.java
"iguana.benchmark.IguanaBenchmark.benchmarkParse","ss",1,10,7.209334,2.260727,"ms/op",/Users/afroozeh/workspace/junit4/src/main/java/org/junit/internal/runners/statements/FailOnTimeout.java
"iguana.benchmark.IguanaBenchmark.benchmarkParse","ss",1,10,2.696211,0.828040,"ms/op",/Users/afroozeh/workspace/junit4/src/main/java/org/junit/internal/runners/statements/RunBefores.java
"iguana.benchmark.IguanaBenchmark.benchmarkParse","ss",1,10,2.414241,0.956914,"ms/op",/Users/afroozeh/workspace/junit4/src/main/java/org/junit/internal/runners/statements/InvokeMethod.java
"iguana.benchmark.IguanaBenchmark.benchmarkParse","ss",1,10,4.676475,0.822616,"ms/op",/Users/afroozeh/workspace/junit4/src/main/java/org/junit/internal/runners/statements/ExpectException.java
"iguana.benchmark.IguanaBenchmark.benchmarkParse","ss",1,10,4.158948,0.617679,"ms/op",/Users/afroozeh/workspace/junit4/src/main/java/org/junit/internal/runners/statements/RunAfters.java
"iguana.benchmark.IguanaBenchmark.benchmarkParse","ss",1,10,6.262944,1.698421,"ms/op",/Users/afroozeh/workspace/junit4/src/main/java/org/junit/internal/runners/ClassRoadie.java
"iguana.benchmark.IguanaBenchmark.benchmarkParse","ss",1,10,1.836252,0.537312,"ms/op",/Users/afroozeh/workspace/junit4/src/main/java/org/junit/internal/runners/model/ReflectiveCallable.java
"iguana.benchmark.IguanaBenchmark.benchmarkParse","ss",1,10,4.663041,0.374943,"ms/op",/Users/afroozeh/workspace/junit4/src/main/java/org/junit/internal/runners/model/EachTestNotifier.java
"iguana.benchmark.IguanaBenchmark.benchmarkParse","ss",1,10,1.921639,1.232047,"ms/op",/Users/afroozeh/workspace/junit4/src/main/java/org/junit/internal/runners/model/MultipleFailureException.java
"iguana.benchmark.IguanaBenchmark.benchmarkParse","ss",1,10,3.546815,0.689767,"ms/op",/Users/afroozeh/workspace/junit4/src/main/java/org/junit/internal/runners/SuiteMethod.java
"iguana.benchmark.IguanaBenchmark.benchmarkParse","ss",1,10,7.714358,2.297149,"ms/op",/Users/afroozeh/workspace/junit4/src/main/java/org/junit/internal/runners/rules/RuleFieldValidator.java
"iguana.benchmark.IguanaBenchmark.benchmarkParse","ss",1,10,2.922393,0.750815,"ms/op",/Users/afroozeh/workspace/junit4/src/main/java/org/junit/internal/runners/InitializationError.java
"iguana.benchmark.IguanaBenchmark.benchmarkParse","ss",1,10,0.863120,0.198571,"ms/op",/Users/afroozeh/workspace/junit4/src/main/java/org/junit/internal/runners/package-info.java
"iguana.benchmark.IguanaBenchmark.benchmarkParse","ss",1,10,1.674053,0.794358,"ms/op",/Users/afroozeh/workspace/junit4/src/main/java/org/junit/internal/ExactComparisonCriteria.java
"iguana.benchmark.IguanaBenchmark.benchmarkParse","ss",1,10,4.854802,0.611264,"ms/op",/Users/afroozeh/workspace/junit4/src/main/java/org/junit/internal/matchers/StacktracePrintingMatcher.java
"iguana.benchmark.IguanaBenchmark.benchmarkParse","ss",1,10,3.847062,0.389834,"ms/op",/Users/afroozeh/workspace/junit4/src/main/java/org/junit/internal/matchers/ThrowableCauseMatcher.java
"iguana.benchmark.IguanaBenchmark.benchmarkParse","ss",1,10,3.831065,0.894727,"ms/op",/Users/afroozeh/workspace/junit4/src/main/java/org/junit/internal/matchers/ThrowableMessageMatcher.java
"iguana.benchmark.IguanaBenchmark.benchmarkParse","ss",1,10,5.096525,0.726043,"ms/op",/Users/afroozeh/workspace/junit4/src/main/java/org/junit/internal/matchers/TypeSafeMatcher.java
"iguana.benchmark.IguanaBenchmark.benchmarkParse","ss",1,10,1.938984,0.600751,"ms/op",/Users/afroozeh/workspace/junit4/src/main/java/org/junit/FixMethodOrder.java
"iguana.benchmark.IguanaBenchmark.benchmarkParse","ss",1,10,27.151767,2.824872,"ms/op",/Users/afroozeh/workspace/junit4/src/main/java/org/junit/Assert.java
"iguana.benchmark.IguanaBenchmark.benchmarkParse","ss",1,10,1.763317,0.779539,"ms/op",/Users/afroozeh/workspace/junit4/src/main/java/org/junit/After.java
"iguana.benchmark.IguanaBenchmark.benchmarkParse","ss",1,10,2.373136,0.909804,"ms/op",/Users/afroozeh/workspace/junit4/src/main/java/org/junit/Test.java
"iguana.benchmark.IguanaBenchmark.benchmarkParse","ss",1,10,5.913942,1.749296,"ms/op",/Users/afroozeh/workspace/junit4/src/main/java/org/junit/Assume.java
"iguana.benchmark.IguanaBenchmark.benchmarkParse","ss",1,10,1.571265,0.680704,"ms/op",/Users/afroozeh/workspace/junit4/src/main/java/org/junit/rules/TestRule.java
"iguana.benchmark.IguanaBenchmark.benchmarkParse","ss",1,10,2.338782,0.720421,"ms/op",/Users/afroozeh/workspace/junit4/src/main/java/org/junit/rules/Verifier.java
"iguana.benchmark.IguanaBenchmark.benchmarkParse","ss",1,10,3.142166,0.690799,"ms/op",/Users/afroozeh/workspace/junit4/src/main/java/org/junit/rules/RunRules.java
"iguana.benchmark.IguanaBenchmark.benchmarkParse","ss",1,10,2.374235,0.431851,"ms/op",/Users/afroozeh/workspace/junit4/src/main/java/org/junit/rules/TestName.java
"iguana.benchmark.IguanaBenchmark.benchmarkParse","ss",1,10,4.491693,0.909802,"ms/op",/Users/afroozeh/workspace/junit4/src/main/java/org/junit/rules/RuleChain.java
"iguana.benchmark.IguanaBenchmark.benchmarkParse","ss",1,10,4.151956,0.778591,"ms/op",/Users/afroozeh/workspace/junit4/src/main/java/org/junit/rules/ErrorCollector.java
"iguana.benchmark.IguanaBenchmark.benchmarkParse","ss",1,10,4.350114,1.117365,"ms/op",/Users/afroozeh/workspace/junit4/src/main/java/org/junit/rules/ExpectedExceptionMatcherBuilder.java
"iguana.benchmark.IguanaBenchmark.benchmarkParse","ss",1,10,2.390356,1.123671,"ms/op",/Users/afroozeh/workspace/junit4/src/main/java/org/junit/rules/Timeout.java
"iguana.benchmark.IguanaBenchmark.benchmarkParse","ss",1,10,3.659801,1.201629,"ms/op",/Users/afroozeh/workspace/junit4/src/main/java/org/junit/rules/TestWatchman.java
"iguana.benchmark.IguanaBenchmark.benchmarkParse","ss",1,10,8.046573,1.386308,"ms/op",/Users/afroozeh/workspace/junit4/src/main/java/org/junit/rules/TemporaryFolder.java
"iguana.benchmark.IguanaBenchmark.benchmarkParse","ss",1,10,7.361274,1.340489,"ms/op",/Users/afroozeh/workspace/junit4/src/main/java/org/junit/rules/ExpectedException.java
"iguana.benchmark.IguanaBenchmark.benchmarkParse","ss",1,10,1.548759,0.597620,"ms/op",/Users/afroozeh/workspace/junit4/src/main/java/org/junit/rules/MethodRule.java
"iguana.benchmark.IguanaBenchmark.benchmarkParse","ss",1,10,2.766702,0.804690,"ms/op",/Users/afroozeh/workspace/junit4/src/main/java/org/junit/rules/ExternalResource.java
"iguana.benchmark.IguanaBenchmark.benchmarkParse","ss",1,10,7.730993,2.180572,"ms/op",/Users/afroozeh/workspace/junit4/src/main/java/org/junit/rules/TestWatcher.java
"iguana.benchmark.IguanaBenchmark.benchmarkParse","ss",1,10,1.968477,0.655025,"ms/op",/Users/afroozeh/workspace/junit4/src/main/java/org/junit/runners/AllTests.java
"iguana.benchmark.IguanaBenchmark.benchmarkParse","ss",1,10,19.214162,1.334683,"ms/op",/Users/afroozeh/workspace/junit4/src/main/java/org/junit/runners/Parameterized.java
"iguana.benchmark.IguanaBenchmark.benchmarkParse","ss",1,10,6.869282,1.590368,"ms/op",/Users/afroozeh/workspace/junit4/src/main/java/org/junit/runners/Suite.java
"iguana.benchmark.IguanaBenchmark.benchmarkParse","ss",1,10,13.848172,1.140112,"ms/op",/Users/afroozeh/workspace/junit4/src/main/java/org/junit/runners/model/TestClass.java
"iguana.benchmark.IguanaBenchmark.benchmarkParse","ss",1,10,2.565614,0.597176,"ms/op",/Users/afroozeh/workspace/junit4/src/main/java/org/junit/runners/model/FrameworkMember.java
"iguana.benchmark.IguanaBenchmark.benchmarkParse","ss",1,10,1.432489,0.514549,"ms/op",/Users/afroozeh/workspace/junit4/src/main/java/org/junit/runners/model/Statement.java
"iguana.benchmark.IguanaBenchmark.benchmarkParse","ss",1,10,4.372911,0.729501,"ms/op",/Users/afroozeh/workspace/junit4/src/main/java/org/junit/runners/model/FrameworkField.java
"iguana.benchmark.IguanaBenchmark.benchmarkParse","ss",1,10,11.317192,1.766914,"ms/op",/Users/afroozeh/workspace/junit4/src/main/java/org/junit/runners/model/FrameworkMethod.java
"iguana.benchmark.IguanaBenchmark.benchmarkParse","ss",1,10,3.079997,1.015833,"ms/op",/Users/afroozeh/workspace/junit4/src/main/java/org/junit/runners/model/InitializationError.java
"iguana.benchmark.IguanaBenchmark.benchmarkParse","ss",1,10,5.875591,1.397568,"ms/op",/Users/afroozeh/workspace/junit4/src/main/java/org/junit/runners/model/RunnerBuilder.java
"iguana.benchmark.IguanaBenchmark.benchmarkParse","ss",1,10,5.921324,1.122365,"ms/op",/Users/afroozeh/workspace/junit4/src/main/java/org/junit/runners/model/NoGenericTypeParametersValidator.java
"iguana.benchmark.IguanaBenchmark.benchmarkParse","ss",1,10,1.455213,0.443748,"ms/op",/Users/afroozeh/workspace/junit4/src/main/java/org/junit/runners/model/RunnerScheduler.java
"iguana.benchmark.IguanaBenchmark.benchmarkParse","ss",1,10,5.240342,0.766082,"ms/op",/Users/afroozeh/workspace/junit4/src/main/java/org/junit/runners/model/MultipleFailureException.java
"iguana.benchmark.IguanaBenchmark.benchmarkParse","ss",1,10,24.052389,3.857621,"ms/op",/Users/afroozeh/workspace/junit4/src/main/java/org/junit/runners/BlockJUnit4ClassRunner.java
"iguana.benchmark.IguanaBenchmark.benchmarkParse","ss",1,10,18.036064,1.134184,"ms/op",/Users/afroozeh/workspace/junit4/src/main/java/org/junit/runners/ParentRunner.java
"iguana.benchmark.IguanaBenchmark.benchmarkParse","ss",1,10,2.359502,0.768179,"ms/op",/Users/afroozeh/workspace/junit4/src/main/java/org/junit/runners/MethodSorters.java
"iguana.benchmark.IguanaBenchmark.benchmarkParse","ss",1,10,1.819419,0.712821,"ms/op",/Users/afroozeh/workspace/junit4/src/main/java/org/junit/runners/JUnit4.java
"iguana.benchmark.IguanaBenchmark.benchmarkParse","ss",1,10,1.014486,0.242249,"ms/op",/Users/afroozeh/workspace/junit4/src/main/java/org/junit/runners/package-info.java
"iguana.benchmark.IguanaBenchmark.benchmarkParse","ss",1,10,5.972043,0.794840,"ms/op",/Users/afroozeh/workspace/junit4/src/main/java/org/junit/matchers/JUnitMatchers.java
"iguana.benchmark.IguanaBenchmark.benchmarkParse","ss",1,10,0.909940,0.207492,"ms/op",/Users/afroozeh/workspace/junit4/src/main/java/org/junit/matchers/package-info.java
"iguana.benchmark.IguanaBenchmark.benchmarkParse","ss",1,10,1.857888,1.027363,"ms/op",/Users/afroozeh/workspace/junit4/src/main/java/org/junit/AfterClass.java
"iguana.benchmark.IguanaBenchmark.benchmarkParse","ss",1,10,2.028700,0.909175,"ms/op",/Users/afroozeh/workspace/junit4/src/main/java/org/junit/Rule.java
"iguana.benchmark.IguanaBenchmark.benchmarkParse","ss",1,10,0.734360,0.100783,"ms/op",/Users/afroozeh/workspace/junit4/src/main/java/org/junit/package-info.java
"iguana.benchmark.IguanaBenchmark.benchmarkParse","ss",1,10,1.806152,0.750894,"ms/op",/Users/afroozeh/workspace/junit4/src/main/java/org/junit/Before.java
