"path","size"
"/Users/afroozeh/workspace/junit4/src/test/java/junit/tests/AllTests.java",569
"/Users/afroozeh/workspace/junit4/src/test/java/junit/tests/framework/AllTests.java",1042
"/Users/afroozeh/workspace/junit4/src/test/java/junit/tests/framework/OverrideTestCase.java",174
"/Users/afroozeh/workspace/junit4/src/test/java/junit/tests/framework/AssertionFailedErrorTest.java",838
"/Users/afroozeh/workspace/junit4/src/test/java/junit/tests/framework/Failure.java",225
"/Users/afroozeh/workspace/junit4/src/test/java/junit/tests/framework/AssertTest.java",4443
"/Users/afroozeh/workspace/junit4/src/test/java/junit/tests/framework/NoTestCases.java",188
"/Users/afroozeh/workspace/junit4/src/test/java/junit/tests/framework/ComparisonFailureTest.java",1456
"/Users/afroozeh/workspace/junit4/src/test/java/junit/tests/framework/ThreeTestCases.java",282
"/Users/afroozeh/workspace/junit4/src/test/java/junit/tests/framework/NotPublicTestCase.java",238
"/Users/afroozeh/workspace/junit4/src/test/java/junit/tests/framework/TestCaseTest.java",5536
"/Users/afroozeh/workspace/junit4/src/test/java/junit/tests/framework/InheritedTestCase.java",158
"/Users/afroozeh/workspace/junit4/src/test/java/junit/tests/framework/OneTestCase.java",267
"/Users/afroozeh/workspace/junit4/src/test/java/junit/tests/framework/TestListenerTest.java",1878
"/Users/afroozeh/workspace/junit4/src/test/java/junit/tests/framework/SuiteTest.java",4133
"/Users/afroozeh/workspace/junit4/src/test/java/junit/tests/framework/FloatAssertTest.java",1659
"/Users/afroozeh/workspace/junit4/src/test/java/junit/tests/framework/NotVoidTestCase.java",246
"/Users/afroozeh/workspace/junit4/src/test/java/junit/tests/framework/TestImplementorTest.java",1490
"/Users/afroozeh/workspace/junit4/src/test/java/junit/tests/framework/NoArgTestCaseTest.java",202
"/Users/afroozeh/workspace/junit4/src/test/java/junit/tests/framework/ComparisonCompactorTest.java",4084
"/Users/afroozeh/workspace/junit4/src/test/java/junit/tests/framework/Success.java",249
"/Users/afroozeh/workspace/junit4/src/test/java/junit/tests/framework/NoTestCaseClass.java",157
"/Users/afroozeh/workspace/junit4/src/test/java/junit/tests/framework/package-info.java",76
"/Users/afroozeh/workspace/junit4/src/test/java/junit/tests/framework/DoublePrecisionAssertTest.java",1444
"/Users/afroozeh/workspace/junit4/src/test/java/junit/tests/runner/AllTests.java",919
"/Users/afroozeh/workspace/junit4/src/test/java/junit/tests/runner/BaseTestRunnerTest.java",1366
"/Users/afroozeh/workspace/junit4/src/test/java/junit/tests/runner/TextFeedbackTest.java",3990
"/Users/afroozeh/workspace/junit4/src/test/java/junit/tests/runner/StackFilterTest.java",2115
"/Users/afroozeh/workspace/junit4/src/test/java/junit/tests/runner/ResultTest.java",4158
"/Users/afroozeh/workspace/junit4/src/test/java/junit/tests/runner/TextRunnerSingleMethodTest.java",1026
"/Users/afroozeh/workspace/junit4/src/test/java/junit/tests/runner/TextRunnerTest.java",1909
"/Users/afroozeh/workspace/junit4/src/test/java/junit/tests/runner/package-info.java",85
"/Users/afroozeh/workspace/junit4/src/test/java/junit/tests/extensions/AllTests.java",620
"/Users/afroozeh/workspace/junit4/src/test/java/junit/tests/extensions/ActiveTestTest.java",1932
"/Users/afroozeh/workspace/junit4/src/test/java/junit/tests/extensions/RepeatedTestTest.java",1715
"/Users/afroozeh/workspace/junit4/src/test/java/junit/tests/extensions/ExtensionTest.java",2452
"/Users/afroozeh/workspace/junit4/src/test/java/junit/tests/extensions/package-info.java",92
"/Users/afroozeh/workspace/junit4/src/test/java/junit/tests/WasRun.java",288
"/Users/afroozeh/workspace/junit4/src/test/java/junit/tests/package-info.java",63
"/Users/afroozeh/workspace/junit4/src/test/java/junit/samples/AllTests.java",554
"/Users/afroozeh/workspace/junit4/src/test/java/junit/samples/ListTest.java",1667
"/Users/afroozeh/workspace/junit4/src/test/java/junit/samples/SimpleTest.java",1618
"/Users/afroozeh/workspace/junit4/src/test/java/junit/samples/money/MoneyTest.java",5571
"/Users/afroozeh/workspace/junit4/src/test/java/junit/samples/money/MoneyBag.java",3929
"/Users/afroozeh/workspace/junit4/src/test/java/junit/samples/money/Money.java",2062
"/Users/afroozeh/workspace/junit4/src/test/java/junit/samples/money/IMoney.java",1082
"/Users/afroozeh/workspace/junit4/src/test/java/junit/samples/money/package-info.java",71
"/Users/afroozeh/workspace/junit4/src/test/java/junit/samples/package-info.java",54
"/Users/afroozeh/workspace/junit4/src/test/java/org/junit/experimental/categories/CategoryFilterFactoryTest.java",2131
"/Users/afroozeh/workspace/junit4/src/test/java/org/junit/validator/AnnotationsValidatorTest.java",3106
"/Users/afroozeh/workspace/junit4/src/test/java/org/junit/validator/PublicClassValidatorTest.java",1160
"/Users/afroozeh/workspace/junit4/src/test/java/org/junit/validator/AnnotationValidatorFactoryTest.java",2598
"/Users/afroozeh/workspace/junit4/src/test/java/org/junit/runner/JUnitCommandLineParseResultTest.java",5452
"/Users/afroozeh/workspace/junit4/src/test/java/org/junit/runner/notification/ConcurrentRunNotifierTest.java",6179
"/Users/afroozeh/workspace/junit4/src/test/java/org/junit/runner/notification/RunNotifierTest.java",4677
"/Users/afroozeh/workspace/junit4/src/test/java/org/junit/runner/notification/SynchronizedRunListenerTest.java",4840
"/Users/afroozeh/workspace/junit4/src/test/java/org/junit/runner/RunnerSpy.java",910
"/Users/afroozeh/workspace/junit4/src/test/java/org/junit/runner/FilterOptionIntegrationTest.java",6599
"/Users/afroozeh/workspace/junit4/src/test/java/org/junit/runner/FilterFactoriesTest.java",4543
"/Users/afroozeh/workspace/junit4/src/test/java/org/junit/runner/JUnitCoreTest.java",619
"/Users/afroozeh/workspace/junit4/src/test/java/org/junit/tests/AllTests.java",10118
"/Users/afroozeh/workspace/junit4/src/test/java/org/junit/tests/running/methods/TimeoutTest.java",11208
"/Users/afroozeh/workspace/junit4/src/test/java/org/junit/tests/running/methods/ParameterizedTestMethodTest.java",3865
"/Users/afroozeh/workspace/junit4/src/test/java/org/junit/tests/running/methods/AnnotationTest.java",15690
"/Users/afroozeh/workspace/junit4/src/test/java/org/junit/tests/running/methods/TestMethodTest.java",5529
"/Users/afroozeh/workspace/junit4/src/test/java/org/junit/tests/running/methods/ExpectedTest.java",2062
"/Users/afroozeh/workspace/junit4/src/test/java/org/junit/tests/running/methods/InheritedTestTest.java",947
"/Users/afroozeh/workspace/junit4/src/test/java/org/junit/tests/running/core/JUnitCoreReturnsCorrectExitCodeTest.java",1157
"/Users/afroozeh/workspace/junit4/src/test/java/org/junit/tests/running/core/MainRunner.java",9169
"/Users/afroozeh/workspace/junit4/src/test/java/org/junit/tests/running/core/CommandLineTest.java",1784
"/Users/afroozeh/workspace/junit4/src/test/java/org/junit/tests/running/core/SystemExitTest.java",1074
"/Users/afroozeh/workspace/junit4/src/test/java/org/junit/tests/running/classes/UseSuiteAsASuperclassTest.java",1109
"/Users/afroozeh/workspace/junit4/src/test/java/org/junit/tests/running/classes/BlockJUnit4ClassRunnerTest.java",1017
"/Users/afroozeh/workspace/junit4/src/test/java/org/junit/tests/running/classes/RunWithTest.java",2162
"/Users/afroozeh/workspace/junit4/src/test/java/org/junit/tests/running/classes/ParentRunnerFilteringTest.java",5994
"/Users/afroozeh/workspace/junit4/src/test/java/org/junit/tests/running/classes/EnclosedTest.java",1499
"/Users/afroozeh/workspace/junit4/src/test/java/org/junit/tests/running/classes/SuiteTest.java",5531
"/Users/afroozeh/workspace/junit4/src/test/java/org/junit/tests/running/classes/ParentRunnerTest.java",8860
"/Users/afroozeh/workspace/junit4/src/test/java/org/junit/tests/running/classes/ParameterizedTestTest.java",14806
"/Users/afroozeh/workspace/junit4/src/test/java/org/junit/tests/running/classes/IgnoreClassTest.java",712
"/Users/afroozeh/workspace/junit4/src/test/java/org/junit/tests/running/classes/ClassLevelMethodsWithIgnoredTestsTest.java",5199
"/Users/afroozeh/workspace/junit4/src/test/java/org/junit/tests/experimental/parallel/ParallelMethodTest.java",1782
"/Users/afroozeh/workspace/junit4/src/test/java/org/junit/tests/experimental/parallel/ParallelClassTest.java",2647
"/Users/afroozeh/workspace/junit4/src/test/java/org/junit/tests/experimental/ExperimentalTests.java",2102
"/Users/afroozeh/workspace/junit4/src/test/java/org/junit/tests/experimental/AssumptionTest.java",7767
"/Users/afroozeh/workspace/junit4/src/test/java/org/junit/tests/experimental/theories/ParameterSignatureTest.java",3128
"/Users/afroozeh/workspace/junit4/src/test/java/org/junit/tests/experimental/theories/PotentialAssignmentTest.java",1965
"/Users/afroozeh/workspace/junit4/src/test/java/org/junit/tests/experimental/theories/extendingwithstubs/StubbedTheories.java",2277
"/Users/afroozeh/workspace/junit4/src/test/java/org/junit/tests/experimental/theories/extendingwithstubs/Stub.java",215
"/Users/afroozeh/workspace/junit4/src/test/java/org/junit/tests/experimental/theories/extendingwithstubs/StringableObject.java",660
"/Users/afroozeh/workspace/junit4/src/test/java/org/junit/tests/experimental/theories/extendingwithstubs/ReguessableValue.java",432
"/Users/afroozeh/workspace/junit4/src/test/java/org/junit/tests/experimental/theories/extendingwithstubs/StubbedTheoriesTest.java",490
"/Users/afroozeh/workspace/junit4/src/test/java/org/junit/tests/experimental/theories/extendingwithstubs/Guesser.java",3715
"/Users/afroozeh/workspace/junit4/src/test/java/org/junit/tests/experimental/theories/extendingwithstubs/Correspondent.java",161
"/Users/afroozeh/workspace/junit4/src/test/java/org/junit/tests/experimental/theories/extendingwithstubs/GuesserQueue.java",1788
"/Users/afroozeh/workspace/junit4/src/test/java/org/junit/tests/experimental/theories/extendingwithstubs/MethodCall.java",1378
"/Users/afroozeh/workspace/junit4/src/test/java/org/junit/tests/experimental/theories/runner/WithParameterSupplier.java",5043
"/Users/afroozeh/workspace/junit4/src/test/java/org/junit/tests/experimental/theories/runner/WithDataPointMethod.java",3228
"/Users/afroozeh/workspace/junit4/src/test/java/org/junit/tests/experimental/theories/runner/UnsuccessfulWithDataPointFields.java",7598
"/Users/afroozeh/workspace/junit4/src/test/java/org/junit/tests/experimental/theories/runner/WithOnlyTestAnnotations.java",2543
"/Users/afroozeh/workspace/junit4/src/test/java/org/junit/tests/experimental/theories/runner/WithExtendedParameterSources.java",5259
"/Users/afroozeh/workspace/junit4/src/test/java/org/junit/tests/experimental/theories/runner/WhenNoParametersMatch.java",1600
"/Users/afroozeh/workspace/junit4/src/test/java/org/junit/tests/experimental/theories/runner/WithUnresolvedGenericTypeVariablesOnTheoryParms.java",6356
"/Users/afroozeh/workspace/junit4/src/test/java/org/junit/tests/experimental/theories/runner/SuccessfulWithDataPointFields.java",4908
"/Users/afroozeh/workspace/junit4/src/test/java/org/junit/tests/experimental/theories/runner/FailingDataPointMethods.java",3984
"/Users/afroozeh/workspace/junit4/src/test/java/org/junit/tests/experimental/theories/runner/WithAutoGeneratedDataPoints.java",2293
"/Users/afroozeh/workspace/junit4/src/test/java/org/junit/tests/experimental/theories/runner/TypeMatchingBetweenMultiDataPointsMethod.java",1731
"/Users/afroozeh/workspace/junit4/src/test/java/org/junit/tests/experimental/theories/runner/TheoriesPerformanceTest.java",1317
"/Users/afroozeh/workspace/junit4/src/test/java/org/junit/tests/experimental/theories/runner/WithNamedDataPoints.java",2395
"/Users/afroozeh/workspace/junit4/src/test/java/org/junit/tests/experimental/theories/internal/SpecificDataPointsSupplierTest.java",6453
"/Users/afroozeh/workspace/junit4/src/test/java/org/junit/tests/experimental/theories/internal/ParameterizedAssertionErrorTest.java",3429
"/Users/afroozeh/workspace/junit4/src/test/java/org/junit/tests/experimental/theories/internal/AllMembersSupplierTest.java",6947
"/Users/afroozeh/workspace/junit4/src/test/java/org/junit/tests/experimental/theories/AssumingInTheoriesTest.java",1235
"/Users/afroozeh/workspace/junit4/src/test/java/org/junit/tests/experimental/theories/TestedOnSupplierTest.java",1089
"/Users/afroozeh/workspace/junit4/src/test/java/org/junit/tests/experimental/theories/TheoryTestUtils.java",1115
"/Users/afroozeh/workspace/junit4/src/test/java/org/junit/tests/experimental/max/DescriptionTest.java",4714
"/Users/afroozeh/workspace/junit4/src/test/java/org/junit/tests/experimental/max/JUnit38SortingTest.java",1462
"/Users/afroozeh/workspace/junit4/src/test/java/org/junit/tests/experimental/max/MaxStarterTest.java",9660
"/Users/afroozeh/workspace/junit4/src/test/java/org/junit/tests/experimental/results/ResultMatchersTest.java",706
"/Users/afroozeh/workspace/junit4/src/test/java/org/junit/tests/experimental/results/PrintableResultTest.java",1988
"/Users/afroozeh/workspace/junit4/src/test/java/org/junit/tests/experimental/MatcherTest.java",1606
"/Users/afroozeh/workspace/junit4/src/test/java/org/junit/tests/experimental/rules/ExternalResourceRuleTest.java",1211
"/Users/afroozeh/workspace/junit4/src/test/java/org/junit/tests/experimental/rules/ClassRulesTest.java",7038
"/Users/afroozeh/workspace/junit4/src/test/java/org/junit/tests/experimental/rules/TestWatcherTest.java",6487
"/Users/afroozeh/workspace/junit4/src/test/java/org/junit/tests/experimental/rules/TimeoutRuleTest.java",5718
"/Users/afroozeh/workspace/junit4/src/test/java/org/junit/tests/experimental/rules/RuleMemberValidatorTest.java",12730
"/Users/afroozeh/workspace/junit4/src/test/java/org/junit/tests/experimental/rules/TempFolderRuleTest.java",8044
"/Users/afroozeh/workspace/junit4/src/test/java/org/junit/tests/experimental/rules/EventCollector.java",6697
"/Users/afroozeh/workspace/junit4/src/test/java/org/junit/tests/experimental/rules/MethodRulesTest.java",11300
"/Users/afroozeh/workspace/junit4/src/test/java/org/junit/tests/experimental/rules/NameRulesTest.java",1200
"/Users/afroozeh/workspace/junit4/src/test/java/org/junit/tests/experimental/rules/VerifierRuleTest.java",5007
"/Users/afroozeh/workspace/junit4/src/test/java/org/junit/tests/experimental/rules/TestRuleTest.java",19941
"/Users/afroozeh/workspace/junit4/src/test/java/org/junit/tests/experimental/rules/LoggingTestWatcher.java",910
"/Users/afroozeh/workspace/junit4/src/test/java/org/junit/tests/experimental/rules/RuleChainTest.java",1789
"/Users/afroozeh/workspace/junit4/src/test/java/org/junit/tests/experimental/rules/TemporaryFolderUsageTest.java",7228
"/Users/afroozeh/workspace/junit4/src/test/java/org/junit/tests/experimental/rules/BlockJUnit4ClassRunnerOverrideTest.java",3013
"/Users/afroozeh/workspace/junit4/src/test/java/org/junit/tests/experimental/rules/ExpectedExceptionTest.java",12953
"/Users/afroozeh/workspace/junit4/src/test/java/org/junit/tests/experimental/rules/TestWatchmanTest.java",2000
"/Users/afroozeh/workspace/junit4/src/test/java/org/junit/tests/experimental/categories/JavadocTest.java",2285
"/Users/afroozeh/workspace/junit4/src/test/java/org/junit/tests/experimental/categories/CategoriesAndParameterizedTest.java",3958
"/Users/afroozeh/workspace/junit4/src/test/java/org/junit/tests/experimental/categories/CategoryValidatorTest.java",3137
"/Users/afroozeh/workspace/junit4/src/test/java/org/junit/tests/experimental/categories/MultiCategoryTest.java",6635
"/Users/afroozeh/workspace/junit4/src/test/java/org/junit/tests/experimental/categories/CategoryTest.java",15392
"/Users/afroozeh/workspace/junit4/src/test/java/org/junit/tests/listening/RunnerTest.java",1824
"/Users/afroozeh/workspace/junit4/src/test/java/org/junit/tests/listening/TestListenerTest.java",1797
"/Users/afroozeh/workspace/junit4/src/test/java/org/junit/tests/listening/ListenerTest.java",1024
"/Users/afroozeh/workspace/junit4/src/test/java/org/junit/tests/listening/UserStopTest.java",817
"/Users/afroozeh/workspace/junit4/src/test/java/org/junit/tests/listening/TextListenerTest.java",2186
"/Users/afroozeh/workspace/junit4/src/test/java/org/junit/tests/manipulation/FilterTest.java",1301
"/Users/afroozeh/workspace/junit4/src/test/java/org/junit/tests/manipulation/FilterableTest.java",1650
"/Users/afroozeh/workspace/junit4/src/test/java/org/junit/tests/manipulation/SingleMethodTest.java",5006
"/Users/afroozeh/workspace/junit4/src/test/java/org/junit/tests/manipulation/SortableTest.java",5358
"/Users/afroozeh/workspace/junit4/src/test/java/org/junit/tests/TestSystem.java",720
"/Users/afroozeh/workspace/junit4/src/test/java/org/junit/tests/internal/runners/statements/FailOnTimeoutTest.java",7033
"/Users/afroozeh/workspace/junit4/src/test/java/org/junit/tests/internal/runners/ErrorReportingRunnerTest.java",330
"/Users/afroozeh/workspace/junit4/src/test/java/org/junit/tests/assertion/MultipleFailureExceptionTest.java",2605
"/Users/afroozeh/workspace/junit4/src/test/java/org/junit/tests/assertion/ComparisonFailureTest.java",2154
"/Users/afroozeh/workspace/junit4/src/test/java/org/junit/tests/assertion/AssertionTest.java",20017
"/Users/afroozeh/workspace/junit4/src/test/java/org/junit/tests/junit3compatibility/AllTestsTest.java",2534
"/Users/afroozeh/workspace/junit4/src/test/java/org/junit/tests/junit3compatibility/ClassRequestTest.java",522
"/Users/afroozeh/workspace/junit4/src/test/java/org/junit/tests/junit3compatibility/JUnit38ClassRunnerTest.java",5005
"/Users/afroozeh/workspace/junit4/src/test/java/org/junit/tests/junit3compatibility/OldTests.java",279
"/Users/afroozeh/workspace/junit4/src/test/java/org/junit/tests/junit3compatibility/InitializationErrorForwardCompatibilityTest.java",3058
"/Users/afroozeh/workspace/junit4/src/test/java/org/junit/tests/junit3compatibility/ForwardCompatibilityPrintingTest.java",3013
"/Users/afroozeh/workspace/junit4/src/test/java/org/junit/tests/junit3compatibility/ForwardCompatibilityTest.java",7250
"/Users/afroozeh/workspace/junit4/src/test/java/org/junit/tests/junit3compatibility/SuiteMethodTest.java",3636
"/Users/afroozeh/workspace/junit4/src/test/java/org/junit/tests/junit3compatibility/OldTestClassAdaptingListenerTest.java",1028
"/Users/afroozeh/workspace/junit4/src/test/java/org/junit/tests/description/TestDescriptionMethodNameTest.java",1498
"/Users/afroozeh/workspace/junit4/src/test/java/org/junit/tests/description/TestDescriptionTest.java",795
"/Users/afroozeh/workspace/junit4/src/test/java/org/junit/tests/description/SuiteDescriptionTest.java",1403
"/Users/afroozeh/workspace/junit4/src/test/java/org/junit/tests/description/AnnotatedDescriptionTest.java",2578
"/Users/afroozeh/workspace/junit4/src/test/java/org/junit/tests/package-info.java",147
"/Users/afroozeh/workspace/junit4/src/test/java/org/junit/tests/validation/BadlyFormedClassesTest.java",1913
"/Users/afroozeh/workspace/junit4/src/test/java/org/junit/tests/validation/anotherpackage/Super.java",130
"/Users/afroozeh/workspace/junit4/src/test/java/org/junit/tests/validation/anotherpackage/Sub.java",88
"/Users/afroozeh/workspace/junit4/src/test/java/org/junit/tests/validation/FailedConstructionTest.java",810
"/Users/afroozeh/workspace/junit4/src/test/java/org/junit/tests/validation/ValidationTest.java",1063
"/Users/afroozeh/workspace/junit4/src/test/java/org/junit/tests/ObjectContractTest.java",1323
"/Users/afroozeh/workspace/junit4/src/test/java/org/junit/tests/deprecated/JUnit4ClassRunnerTest.java",1697
"/Users/afroozeh/workspace/junit4/src/test/java/org/junit/internal/builders/AnnotatedBuilderTest.java",3975
"/Users/afroozeh/workspace/junit4/src/test/java/org/junit/internal/MethodSorterTest.java",4701
"/Users/afroozeh/workspace/junit4/src/test/java/org/junit/internal/matchers/ThrowableCauseMatcherTest.java",559
"/Users/afroozeh/workspace/junit4/src/test/java/org/junit/internal/matchers/StacktracePrintingMatcherTest.java",1375
"/Users/afroozeh/workspace/junit4/src/test/java/org/junit/samples/ListTest.java",2190
"/Users/afroozeh/workspace/junit4/src/test/java/org/junit/samples/SimpleTest.java",917
"/Users/afroozeh/workspace/junit4/src/test/java/org/junit/samples/money/MoneyTest.java",6356
"/Users/afroozeh/workspace/junit4/src/test/java/org/junit/samples/money/package-info.java",133
"/Users/afroozeh/workspace/junit4/src/test/java/org/junit/samples/package-info.java",95
"/Users/afroozeh/workspace/junit4/src/test/java/org/junit/AssumptionViolatedExceptionTest.java",3703
"/Users/afroozeh/workspace/junit4/src/test/java/org/junit/rules/DisableOnDebugTest.java",5342
"/Users/afroozeh/workspace/junit4/src/test/java/org/junit/rules/StopwatchTest.java",6848
"/Users/afroozeh/workspace/junit4/src/test/java/org/junit/runners/parameterized/ParameterizedNamesTest.java",1541
"/Users/afroozeh/workspace/junit4/src/test/java/org/junit/runners/parameterized/TestWithParametersTest.java",5182
"/Users/afroozeh/workspace/junit4/src/test/java/org/junit/runners/model/FrameworkMethodTest.java",2091
"/Users/afroozeh/workspace/junit4/src/test/java/org/junit/runners/model/FrameworkFieldTest.java",2028
"/Users/afroozeh/workspace/junit4/src/test/java/org/junit/runners/model/RunnerBuilderStub.java",297
"/Users/afroozeh/workspace/junit4/src/test/java/org/junit/runners/model/TestClassTest.java",7105
"/Users/afroozeh/workspace/junit4/src/main/java/junit/textui/TestRunner.java",5872
"/Users/afroozeh/workspace/junit4/src/main/java/junit/textui/ResultPrinter.java",4065
"/Users/afroozeh/workspace/junit4/src/main/java/junit/textui/package-info.java",90
"/Users/afroozeh/workspace/junit4/src/main/java/junit/framework/ComparisonCompactor.java",2636
"/Users/afroozeh/workspace/junit4/src/main/java/junit/framework/JUnit4TestCaseFacade.java",699
"/Users/afroozeh/workspace/junit4/src/main/java/junit/framework/JUnit4TestAdapter.java",2473
"/Users/afroozeh/workspace/junit4/src/main/java/junit/framework/TestListener.java",450
"/Users/afroozeh/workspace/junit4/src/main/java/junit/framework/ComparisonFailure.java",1432
"/Users/afroozeh/workspace/junit4/src/main/java/junit/framework/AssertionFailedError.java",820
"/Users/afroozeh/workspace/junit4/src/main/java/junit/framework/TestFailure.java",1795
"/Users/afroozeh/workspace/junit4/src/main/java/junit/framework/Assert.java",10808
"/Users/afroozeh/workspace/junit4/src/main/java/junit/framework/Test.java",399
"/Users/afroozeh/workspace/junit4/src/main/java/junit/framework/Protectable.java",269
"/Users/afroozeh/workspace/junit4/src/main/java/junit/framework/TestResult.java",4700
"/Users/afroozeh/workspace/junit4/src/main/java/junit/framework/TestCase.java",16743
"/Users/afroozeh/workspace/junit4/src/main/java/junit/framework/package-info.java",69
"/Users/afroozeh/workspace/junit4/src/main/java/junit/framework/JUnit4TestAdapterCache.java",2524
"/Users/afroozeh/workspace/junit4/src/main/java/junit/framework/TestSuite.java",9325
"/Users/afroozeh/workspace/junit4/src/main/java/junit/runner/BaseTestRunner.java",9856
"/Users/afroozeh/workspace/junit4/src/main/java/junit/runner/TestRunListener.java",715
"/Users/afroozeh/workspace/junit4/src/main/java/junit/runner/Version.java",288
"/Users/afroozeh/workspace/junit4/src/main/java/junit/runner/package-info.java",66
"/Users/afroozeh/workspace/junit4/src/main/java/junit/extensions/ActiveTestSuite.java",1783
"/Users/afroozeh/workspace/junit4/src/main/java/junit/extensions/RepeatedTest.java",887
"/Users/afroozeh/workspace/junit4/src/main/java/junit/extensions/TestSetup.java",1057
"/Users/afroozeh/workspace/junit4/src/main/java/junit/extensions/TestDecorator.java",903
"/Users/afroozeh/workspace/junit4/src/main/java/junit/extensions/package-info.java",84
"/Users/afroozeh/workspace/junit4/src/main/java/org/junit/ClassRule.java",3144
"/Users/afroozeh/workspace/junit4/src/main/java/org/junit/experimental/ParallelComputer.java",2167
"/Users/afroozeh/workspace/junit4/src/main/java/org/junit/experimental/theories/PotentialAssignment.java",1604
"/Users/afroozeh/workspace/junit4/src/main/java/org/junit/experimental/theories/Theories.java",12849
"/Users/afroozeh/workspace/junit4/src/main/java/org/junit/experimental/theories/suppliers/TestedOnSupplier.java",875
"/Users/afroozeh/workspace/junit4/src/main/java/org/junit/experimental/theories/suppliers/TestedOn.java",1001
"/Users/afroozeh/workspace/junit4/src/main/java/org/junit/experimental/theories/ParameterSupplier.java",1658
"/Users/afroozeh/workspace/junit4/src/main/java/org/junit/experimental/theories/DataPoints.java",2556
"/Users/afroozeh/workspace/junit4/src/main/java/org/junit/experimental/theories/DataPoint.java",2116
"/Users/afroozeh/workspace/junit4/src/main/java/org/junit/experimental/theories/internal/AllMembersSupplier.java",7788
"/Users/afroozeh/workspace/junit4/src/main/java/org/junit/experimental/theories/internal/BooleanSupplier.java",587
"/Users/afroozeh/workspace/junit4/src/main/java/org/junit/experimental/theories/internal/ParameterizedAssertionError.java",1488
"/Users/afroozeh/workspace/junit4/src/main/java/org/junit/experimental/theories/internal/EnumSupplier.java",883
"/Users/afroozeh/workspace/junit4/src/main/java/org/junit/experimental/theories/internal/SpecificDataPointsSupplier.java",3411
"/Users/afroozeh/workspace/junit4/src/main/java/org/junit/experimental/theories/internal/Assignments.java",5457
"/Users/afroozeh/workspace/junit4/src/main/java/org/junit/experimental/theories/ParameterSignature.java",4625
"/Users/afroozeh/workspace/junit4/src/main/java/org/junit/experimental/theories/Theory.java",528
"/Users/afroozeh/workspace/junit4/src/main/java/org/junit/experimental/theories/ParametersSuppliedBy.java",1463
"/Users/afroozeh/workspace/junit4/src/main/java/org/junit/experimental/theories/FromDataPoints.java",2006
"/Users/afroozeh/workspace/junit4/src/main/java/org/junit/experimental/max/MaxCore.java",6413
"/Users/afroozeh/workspace/junit4/src/main/java/org/junit/experimental/max/CouldNotReadCoreException.java",327
"/Users/afroozeh/workspace/junit4/src/main/java/org/junit/experimental/max/MaxHistory.java",5401
"/Users/afroozeh/workspace/junit4/src/main/java/org/junit/experimental/results/PrintableResult.java",1656
"/Users/afroozeh/workspace/junit4/src/main/java/org/junit/experimental/results/FailureList.java",745
"/Users/afroozeh/workspace/junit4/src/main/java/org/junit/experimental/results/ResultMatchers.java",2187
"/Users/afroozeh/workspace/junit4/src/main/java/org/junit/experimental/runners/Enclosed.java",1512
"/Users/afroozeh/workspace/junit4/src/main/java/org/junit/experimental/categories/IncludeCategories.java",1542
"/Users/afroozeh/workspace/junit4/src/main/java/org/junit/experimental/categories/Category.java",1034
"/Users/afroozeh/workspace/junit4/src/main/java/org/junit/experimental/categories/CategoryValidator.java",2184
"/Users/afroozeh/workspace/junit4/src/main/java/org/junit/experimental/categories/CategoryFilterFactory.java",1592
"/Users/afroozeh/workspace/junit4/src/main/java/org/junit/experimental/categories/ExcludeCategories.java",1546
"/Users/afroozeh/workspace/junit4/src/main/java/org/junit/experimental/categories/Categories.java",14352
"/Users/afroozeh/workspace/junit4/src/main/java/org/junit/validator/AnnotationsValidator.java",4652
"/Users/afroozeh/workspace/junit4/src/main/java/org/junit/validator/AnnotationValidatorFactory.java",1616
"/Users/afroozeh/workspace/junit4/src/main/java/org/junit/validator/AnnotationValidator.java",1666
"/Users/afroozeh/workspace/junit4/src/main/java/org/junit/validator/ValidateWith.java",532
"/Users/afroozeh/workspace/junit4/src/main/java/org/junit/validator/TestClassValidator.java",492
"/Users/afroozeh/workspace/junit4/src/main/java/org/junit/validator/PublicClassValidator.java",986
"/Users/afroozeh/workspace/junit4/src/main/java/org/junit/BeforeClass.java",1123
"/Users/afroozeh/workspace/junit4/src/main/java/org/junit/ComparisonFailure.java",6079
"/Users/afroozeh/workspace/junit4/src/main/java/org/junit/runner/FilterFactory.java",751
"/Users/afroozeh/workspace/junit4/src/main/java/org/junit/runner/manipulation/Filterable.java",518
"/Users/afroozeh/workspace/junit4/src/main/java/org/junit/runner/manipulation/Sortable.java",653
"/Users/afroozeh/workspace/junit4/src/main/java/org/junit/runner/manipulation/Sorter.java",1373
"/Users/afroozeh/workspace/junit4/src/main/java/org/junit/runner/manipulation/package-info.java",230
"/Users/afroozeh/workspace/junit4/src/main/java/org/junit/runner/manipulation/Filter.java",3946
"/Users/afroozeh/workspace/junit4/src/main/java/org/junit/runner/manipulation/NoTestsRemainException.java",233
"/Users/afroozeh/workspace/junit4/src/main/java/org/junit/runner/notification/Failure.java",2513
"/Users/afroozeh/workspace/junit4/src/main/java/org/junit/runner/notification/StoppedByUserException.java",392
"/Users/afroozeh/workspace/junit4/src/main/java/org/junit/runner/notification/SynchronizedRunListener.java",2869
"/Users/afroozeh/workspace/junit4/src/main/java/org/junit/runner/notification/RunListener.java",4782
"/Users/afroozeh/workspace/junit4/src/main/java/org/junit/runner/notification/RunNotifier.java",7171
"/Users/afroozeh/workspace/junit4/src/main/java/org/junit/runner/notification/package-info.java",105
"/Users/afroozeh/workspace/junit4/src/main/java/org/junit/runner/Runner.java",1520
"/Users/afroozeh/workspace/junit4/src/main/java/org/junit/runner/Computer.java",1299
"/Users/afroozeh/workspace/junit4/src/main/java/org/junit/runner/Description.java",11798
"/Users/afroozeh/workspace/junit4/src/main/java/org/junit/runner/RunWith.java",1221
"/Users/afroozeh/workspace/junit4/src/main/java/org/junit/runner/FilterFactories.java",3044
"/Users/afroozeh/workspace/junit4/src/main/java/org/junit/runner/FilterFactoryParams.java",610
"/Users/afroozeh/workspace/junit4/src/main/java/org/junit/runner/JUnitCommandLineParseResult.java",4758
"/Users/afroozeh/workspace/junit4/src/main/java/org/junit/runner/Describable.java",281
"/Users/afroozeh/workspace/junit4/src/main/java/org/junit/runner/JUnitCore.java",5843
"/Users/afroozeh/workspace/junit4/src/main/java/org/junit/runner/Result.java",6405
"/Users/afroozeh/workspace/junit4/src/main/java/org/junit/runner/package-info.java",129
"/Users/afroozeh/workspace/junit4/src/main/java/org/junit/runner/Request.java",6473
"/Users/afroozeh/workspace/junit4/src/main/java/org/junit/Ignore.java",1454
"/Users/afroozeh/workspace/junit4/src/main/java/org/junit/internal/builders/JUnit4Builder.java",364
"/Users/afroozeh/workspace/junit4/src/main/java/org/junit/internal/builders/IgnoredClassRunner.java",566
"/Users/afroozeh/workspace/junit4/src/main/java/org/junit/internal/builders/AnnotatedBuilder.java",4267
"/Users/afroozeh/workspace/junit4/src/main/java/org/junit/internal/builders/NullBuilder.java",275
"/Users/afroozeh/workspace/junit4/src/main/java/org/junit/internal/builders/IgnoredBuilder.java",416
"/Users/afroozeh/workspace/junit4/src/main/java/org/junit/internal/builders/AllDefaultPossibilitiesBuilder.java",1505
"/Users/afroozeh/workspace/junit4/src/main/java/org/junit/internal/builders/JUnit3Builder.java",564
"/Users/afroozeh/workspace/junit4/src/main/java/org/junit/internal/builders/SuiteMethodBuilder.java",637
"/Users/afroozeh/workspace/junit4/src/main/java/org/junit/internal/InexactComparisonCriteria.java",649
"/Users/afroozeh/workspace/junit4/src/main/java/org/junit/internal/ArrayComparisonFailure.java",1853
"/Users/afroozeh/workspace/junit4/src/main/java/org/junit/internal/requests/ClassRequest.java",1177
"/Users/afroozeh/workspace/junit4/src/main/java/org/junit/internal/requests/SortingRequest.java",678
"/Users/afroozeh/workspace/junit4/src/main/java/org/junit/internal/requests/FilterRequest.java",1417
"/Users/afroozeh/workspace/junit4/src/main/java/org/junit/internal/requests/package-info.java",126
"/Users/afroozeh/workspace/junit4/src/main/java/org/junit/internal/Throwables.java",1170
"/Users/afroozeh/workspace/junit4/src/main/java/org/junit/internal/JUnitSystem.java",222
"/Users/afroozeh/workspace/junit4/src/main/java/org/junit/internal/RealSystem.java",323
"/Users/afroozeh/workspace/junit4/src/main/java/org/junit/internal/MethodSorter.java",2418
"/Users/afroozeh/workspace/junit4/src/main/java/org/junit/internal/ComparisonCriteria.java",3219
"/Users/afroozeh/workspace/junit4/src/main/java/org/junit/internal/Classes.java",552
"/Users/afroozeh/workspace/junit4/src/main/java/org/junit/internal/TextListener.java",2766
"/Users/afroozeh/workspace/junit4/src/main/java/org/junit/internal/AssumptionViolatedException.java",3535
"/Users/afroozeh/workspace/junit4/src/main/java/org/junit/internal/runners/TestClass.java",3336
"/Users/afroozeh/workspace/junit4/src/main/java/org/junit/internal/runners/TestMethod.java",1997
"/Users/afroozeh/workspace/junit4/src/main/java/org/junit/internal/runners/MethodRoadie.java",5610
"/Users/afroozeh/workspace/junit4/src/main/java/org/junit/internal/runners/JUnit38ClassRunner.java",6164
"/Users/afroozeh/workspace/junit4/src/main/java/org/junit/internal/runners/JUnit4ClassRunner.java",4849
"/Users/afroozeh/workspace/junit4/src/main/java/org/junit/internal/runners/MethodValidator.java",3217
"/Users/afroozeh/workspace/junit4/src/main/java/org/junit/internal/runners/FailedBefore.java",422
"/Users/afroozeh/workspace/junit4/src/main/java/org/junit/internal/runners/ErrorReportingRunner.java",2218
"/Users/afroozeh/workspace/junit4/src/main/java/org/junit/internal/runners/statements/Fail.java",311
"/Users/afroozeh/workspace/junit4/src/main/java/org/junit/internal/runners/statements/FailOnTimeout.java",11826
"/Users/afroozeh/workspace/junit4/src/main/java/org/junit/internal/runners/statements/RunBefores.java",704
"/Users/afroozeh/workspace/junit4/src/main/java/org/junit/internal/runners/statements/InvokeMethod.java",522
"/Users/afroozeh/workspace/junit4/src/main/java/org/junit/internal/runners/statements/ExpectException.java",1163
"/Users/afroozeh/workspace/junit4/src/main/java/org/junit/internal/runners/statements/RunAfters.java",1131
"/Users/afroozeh/workspace/junit4/src/main/java/org/junit/internal/runners/ClassRoadie.java",2463
"/Users/afroozeh/workspace/junit4/src/main/java/org/junit/internal/runners/model/ReflectiveCallable.java",545
"/Users/afroozeh/workspace/junit4/src/main/java/org/junit/internal/runners/model/EachTestNotifier.java",1482
"/Users/afroozeh/workspace/junit4/src/main/java/org/junit/internal/runners/model/MultipleFailureException.java",323
"/Users/afroozeh/workspace/junit4/src/main/java/org/junit/internal/runners/SuiteMethod.java",1219
"/Users/afroozeh/workspace/junit4/src/main/java/org/junit/internal/runners/rules/RuleMemberValidator.java",10792
"/Users/afroozeh/workspace/junit4/src/main/java/org/junit/internal/runners/rules/ValidationError.java",397
"/Users/afroozeh/workspace/junit4/src/main/java/org/junit/internal/runners/InitializationError.java",930
"/Users/afroozeh/workspace/junit4/src/main/java/org/junit/internal/runners/package-info.java",123
"/Users/afroozeh/workspace/junit4/src/main/java/org/junit/internal/ExactComparisonCriteria.java",263
"/Users/afroozeh/workspace/junit4/src/main/java/org/junit/internal/matchers/StacktracePrintingMatcher.java",1725
"/Users/afroozeh/workspace/junit4/src/main/java/org/junit/internal/matchers/ThrowableCauseMatcher.java",1590
"/Users/afroozeh/workspace/junit4/src/main/java/org/junit/internal/matchers/ThrowableMessageMatcher.java",1075
"/Users/afroozeh/workspace/junit4/src/main/java/org/junit/internal/matchers/TypeSafeMatcher.java",2034
"/Users/afroozeh/workspace/junit4/src/main/java/org/junit/FixMethodOrder.java",1442
"/Users/afroozeh/workspace/junit4/src/main/java/org/junit/Assert.java",36602
"/Users/afroozeh/workspace/junit4/src/main/java/org/junit/After.java",1290
"/Users/afroozeh/workspace/junit4/src/main/java/org/junit/Test.java",4246
"/Users/afroozeh/workspace/junit4/src/main/java/org/junit/Assume.java",5955
"/Users/afroozeh/workspace/junit4/src/main/java/org/junit/rules/TestRule.java",2683
"/Users/afroozeh/workspace/junit4/src/main/java/org/junit/rules/Verifier.java",1258
"/Users/afroozeh/workspace/junit4/src/main/java/org/junit/rules/Stopwatch.java",5268
"/Users/afroozeh/workspace/junit4/src/main/java/org/junit/rules/RunRules.java",762
"/Users/afroozeh/workspace/junit4/src/main/java/org/junit/rules/TestName.java",828
"/Users/afroozeh/workspace/junit4/src/main/java/org/junit/rules/RuleChain.java",2768
"/Users/afroozeh/workspace/junit4/src/main/java/org/junit/rules/ErrorCollector.java",2652
"/Users/afroozeh/workspace/junit4/src/main/java/org/junit/rules/ExpectedExceptionMatcherBuilder.java",1179
"/Users/afroozeh/workspace/junit4/src/main/java/org/junit/rules/Timeout.java",7077
"/Users/afroozeh/workspace/junit4/src/main/java/org/junit/rules/TestWatchman.java",2419
"/Users/afroozeh/workspace/junit4/src/main/java/org/junit/rules/TemporaryFolder.java",4977
"/Users/afroozeh/workspace/junit4/src/main/java/org/junit/rules/DisableOnDebug.java",4137
"/Users/afroozeh/workspace/junit4/src/main/java/org/junit/rules/ExpectedException.java",9434
"/Users/afroozeh/workspace/junit4/src/main/java/org/junit/rules/MethodRule.java",1955
"/Users/afroozeh/workspace/junit4/src/main/java/org/junit/rules/ExternalResource.java",1741
"/Users/afroozeh/workspace/junit4/src/main/java/org/junit/rules/TestWatcher.java",4787
"/Users/afroozeh/workspace/junit4/src/main/java/org/junit/AssumptionViolatedException.java",1442
"/Users/afroozeh/workspace/junit4/src/main/java/org/junit/runners/AllTests.java",611
"/Users/afroozeh/workspace/junit4/src/main/java/org/junit/runners/parameterized/BlockJUnit4ClassRunnerWithParametersFactory.java",544
"/Users/afroozeh/workspace/junit4/src/main/java/org/junit/runners/parameterized/ParametersRunnerFactory.java",594
"/Users/afroozeh/workspace/junit4/src/main/java/org/junit/runners/parameterized/TestWithParameters.java",2219
"/Users/afroozeh/workspace/junit4/src/main/java/org/junit/runners/parameterized/BlockJUnit4ClassRunnerWithParameters.java",5483
"/Users/afroozeh/workspace/junit4/src/main/java/org/junit/runners/Parameterized.java",12604
"/Users/afroozeh/workspace/junit4/src/main/java/org/junit/runners/Suite.java",4585
"/Users/afroozeh/workspace/junit4/src/main/java/org/junit/runners/model/TestClass.java",11544
"/Users/afroozeh/workspace/junit4/src/main/java/org/junit/runners/model/FrameworkMember.java",1044
"/Users/afroozeh/workspace/junit4/src/main/java/org/junit/runners/model/Statement.java",346
"/Users/afroozeh/workspace/junit4/src/main/java/org/junit/runners/model/Annotatable.java",451
"/Users/afroozeh/workspace/junit4/src/main/java/org/junit/runners/model/FrameworkField.java",1940
"/Users/afroozeh/workspace/junit4/src/main/java/org/junit/runners/model/FrameworkMethod.java",6047
"/Users/afroozeh/workspace/junit4/src/main/java/org/junit/runners/model/InitializationError.java",1204
"/Users/afroozeh/workspace/junit4/src/main/java/org/junit/runners/model/RunnerBuilder.java",3411
"/Users/afroozeh/workspace/junit4/src/main/java/org/junit/runners/model/NoGenericTypeParametersValidator.java",2193
"/Users/afroozeh/workspace/junit4/src/main/java/org/junit/runners/model/RunnerScheduler.java",550
"/Users/afroozeh/workspace/junit4/src/main/java/org/junit/runners/model/TestTimedOutException.java",1135
"/Users/afroozeh/workspace/junit4/src/main/java/org/junit/runners/model/MultipleFailureException.java",2228
"/Users/afroozeh/workspace/junit4/src/main/java/org/junit/runners/BlockJUnit4ClassRunner.java",16400
"/Users/afroozeh/workspace/junit4/src/main/java/org/junit/runners/ParentRunner.java",16012
"/Users/afroozeh/workspace/junit4/src/main/java/org/junit/runners/MethodSorters.java",1023
"/Users/afroozeh/workspace/junit4/src/main/java/org/junit/runners/JUnit4.java",881
"/Users/afroozeh/workspace/junit4/src/main/java/org/junit/runners/package-info.java",209
"/Users/afroozeh/workspace/junit4/src/main/java/org/junit/matchers/JUnitMatchers.java",4308
"/Users/afroozeh/workspace/junit4/src/main/java/org/junit/matchers/package-info.java",252
"/Users/afroozeh/workspace/junit4/src/main/java/org/junit/AfterClass.java",1440
"/Users/afroozeh/workspace/junit4/src/main/java/org/junit/Rule.java",2604
"/Users/afroozeh/workspace/junit4/src/main/java/org/junit/package-info.java",143
"/Users/afroozeh/workspace/junit4/src/main/java/org/junit/Before.java",1118
